id,title,date
zone_sbt_drw_cjb,DSCN1883#zone_sbt_drw_cjb,"fi'l-yevmi'l-sābʿa min şehr Cemaziye'l-evvel sene isnā ve ʿaşrīn
ve mieteyn baʿde'l-elif"
zone_rgj_krw_cjb,DSCN1883#zone_rgj_krw_cjb,1807
zone_pd5_4fk_kjb,DSCN0237#zone_pd5_4fk_kjb,bin iki yüz üç senesine
zone_vgf_rfk_kjb,DSCN0237#zone_vgf_rfk_kjb,1789
zone_a1q_rbx_1jb,DSCN1673#zone_a1q_rbx_1jb,
zone_fls_5bx_1jb,DSCN1673#zone_fls_5bx_1jb,29 Ra 172
zone_bj5_wbx_1jb,DSCN1673#zone_bj5_wbx_1jb,5 Rebī'ü'l-āhir sene 1172
zone_xfg_1cx_1jb,DSCN1673#zone_xfg_1cx_1jb,7 R 172
zone_imk_ccx_1jb,DSCN1673#zone_imk_ccx_1jb,
zone_t1l_y53_1jb,DSCN0974#zone_t1l_y53_1jb,Rebiü'l-evvel sene 1198
zone_zbt_z53_1jb,DSCN0974#zone_zbt_z53_1jb,13 S sene 198
zone_zbq_2yt_3jb,DSCN0196#zone_zbq_2yt_3jb,15 L sene 66
zone_ygc_3yt_3jb,DSCN0196#zone_ygc_3yt_3jb,1266
zone_rck_ssm_3jb,DSCN0182#zone_rck_ssm_3jb,bin iki yüz altmış beş senesinde
zone_ojd_wsm_3jb,DSCN0182#zone_ojd_wsm_3jb,1849
zone_bt1_3nd_fjb,DSCN0155#zone_bt1_3nd_fjb,11 Ra sene 1272
zone_pwd_jnd_fjb,DSCN0155#zone_pwd_jnd_fjb,
zone_pns_lnd_fjb,DSCN0155#zone_pns_lnd_fjb,1877
zone_a4h_4pw_2jb,DSCN0141#zone_a4h_4pw_2jb,sene 66
zone_nnh_qpw_2jb,DSCN0141#zone_nnh_qpw_2jb,1851
zone_rgm_gsd_fjb,DSCN0169#zone_rgm_gsd_fjb,fi'l-yevmi'l-sālis min şehr Rebi'ü'l-evvel sene tisʿ ve arbaʿīn ve mieteyn ve elif
zone_jf3_lsd_fjb,DSCN0169#zone_jf3_lsd_fjb,1250
zone_bhh_4md_djb,DSCN1934#zone_bhh_4md_djb,18 N sene 258
zone_sbh_smd_djb,DSCN1934#zone_sbh_smd_djb,
zone_kbl_l2x_cjb,DSCN1908#zone_kbl_l2x_cjb,20 Zi'l-hicce sene 1206
zone_qjz_n2x_cjb,DSCN1908#zone_qjz_n2x_cjb,1792
zone_zxb_g4r_kkb,DSCN0357#zone_zxb_g4r_kkb,... sene 1272
zone_tqf_j4r_kkb,DSCN0357#zone_tqf_j4r_kkb,1877
zone_ody_mck_1jb,DSCN1060#zone_ody_mck_1jb,1299-08-21
zone_ddj_tck_1jb,DSCN1060#zone_ddj_tck_1jb,1853
zone_ldt_n22_bjb,DSCN1712#zone_ldt_n22_bjb,
zone_mqw_5sl_kkb,DSCN0342#zone_mqw_5sl_kkb,6 R sene 73
zone_eh3_ysl_kkb,DSCN0342#zone_eh3_ysl_kkb,1856
zone_yfl_l5x_cjb,DSCN1921#zone_yfl_l5x_cjb,"yevmi'l-tāsiʿ min şehr Zi'l-kaʿade sene
                  sitte ve hamsīn ve mieteyn
ve elif"
zone_mzk_p5x_cjb,DSCN1921#zone_mzk_p5x_cjb,1841
zone_qvx_25w_2jb,DSCN0154#zone_qvx_25w_2jb,1235
zone_b3x_g5w_2jb,DSCN0154#zone_b3x_g5w_2jb,1820
zone_ufg_g2f_z3b,DSCN0975#zone_ufg_g2f_z3b,1228-03
zone_dxr_5t3_1jb,DSCN0975#zone_dxr_5t3_1jb,
zone_aql_wt3_1jb,DSCN0975#zone_aql_wt3_1jb,
zone_z3b_xt3_1jb,DSCN0975#zone_z3b_xt3_1jb,1873
zone_rsg_lrz_y3b,DSCN0961#zone_rsg_lrz_y3b,10 Ca 1233
zone_uls_nrz_y3b,DSCN0961#zone_uls_nrz_y3b,1233
zone_ydg_yyj_1jb,DSCN0961#zone_ydg_yyj_1jb,10 Ca 1233
zone_a5c_1zj_1jb,DSCN0961#zone_a5c_1zj_1jb,
zone_fcy_1zj_1jb,DSCN0961#zone_fcy_1zj_1jb,1233
zone_h1h_bdz_y3b,DSCN0949#zone_h1h_bdz_y3b,27 Muharrem sene 72
zone_tnj_2dz_y3b,DSCN0949#zone_tnj_2dz_y3b,
zone_qyz_gfk_kjb,DSCN0236#zone_qyz_gfk_kjb,sene 236
zone_r4k_zck_kjb,DSCN0222#zone_r4k_zck_kjb,sene 1214
zone_lhw_bdk_kjb,DSCN0222#zone_lhw_bdk_kjb,1214
zone_g4r_jqw_cjb,DSCN1882#zone_g4r_jqw_cjb,9 ... sene 81
zone_ub4_h1w_cjb,DSCN1869#zone_ub4_h1w_cjb,
zone_tmg_k1w_cjb,DSCN1869#zone_tmg_k1w_cjb,9 Ca sene 222
zone_gxx_l1w_cjb,DSCN1869#zone_gxx_l1w_cjb,21 sene 1222
zone_i2j_41w_cjb,DSCN1869#zone_i2j_41w_cjb,29 Ca sene 222
zone_cmm_xkq_cjb,DSCN1855#zone_cmm_xkq_cjb,27 S sene 199
zone_xfl_zkq_cjb,DSCN1855#zone_xfl_zkq_cjb,
zone_unb_dlq_cjb,DSCN1855#zone_unb_dlq_cjb,27 S sene 199
zone_ddr_s1q_cjb,DSCN1841#zone_ddr_s1q_cjb,1186-04-11
zone_b15_x1q_cjb,DSCN1841#zone_b15_x1q_cjb,1772
zone_ngr_yry_1jb,DSCN1699#zone_ngr_yry_1jb,fi'l-yevmi'l-hādā ve'l-ʿaşrīn min şehr Şevvālı'l-mükerrem sene arbaʿa ve semānīn ve mieteyn ve elif
zone_nj3_hsy_1jb,DSCN1699#zone_nj3_hsy_1jb,
zone_vjp_wnq_cjb,DSCN1857#zone_vjp_wnq_cjb,25 Ş sene 194
zone_mzg_znq_cjb,DSCN1857#zone_mzg_znq_cjb,1780
zone_xht_rbq_cjb,DSCN1843#zone_xht_rbq_cjb,
zone_cjv_tbq_cjb,DSCN1843#zone_cjv_tbq_cjb,27 Ş sene 241
zone_lsh_2pk_1jb,DSCN1658#zone_lsh_2pk_1jb,
zone_uzh_2pk_1jb,DSCN1658#zone_uzh_2pk_1jb,7 Ş 196
zone_rzc_3pk_1jb,DSCN1658#zone_rzc_3pk_1jb,1782
zone_abs_mck_kjb,DSCN0220#zone_abs_mck_kjb,"bin iki yüz elli iki
                  senesinde"
zone_dtl_pck_kjb,DSCN0220#zone_dtl_pck_kjb,1837
zone_x1f_zyw_1jb,DSCN1664#zone_x1f_zyw_1jb,"yevmi'l-sābiʿ min şehr
                  Ramazāni'l-mübārek sene semān sittīn ve mieteyn ve elif"
zone_qnz_2zw_1jb,DSCN1664#zone_qnz_2zw_1jb,1268
zone_lkk_k1x_1jb,DSCN1664#zone_lkk_k1x_1jb,1268
zone_vfc_srm_3jb,DSCN0181#zone_vfc_srm_3jb,bin iki yüz altmış beş senesinde
zone_g3k_snd_djb,DSCN1937#zone_g3k_snd_djb,18 Ca sene 258
zone_gd3_xpd_djb,DSCN1937#zone_gd3_xpd_djb,
zone_thq_j3w_j3b,DSCN2218#zone_thq_j3w_j3b,7 R 194
zone_yxl_h12_bjb,DSCN1705#zone_yxl_h12_bjb,27 ... sene 1283
zone_elz_ydf_bjb,DSCN1739#zone_elz_ydf_bjb,"fi'l-yevmi'l-hāmis ve'l-ʿaşrīn
min şehr Saferi'l-... sene sitte ve semānīn ve mie ve elif"
zone_bbz_gnd_djb,DSCN1936#zone_bbz_gnd_djb,18 N sene 258
zone_qt2_kqw_2jb,DSCN0143#zone_qt2_kqw_2jb,bin iki yüz altmış senesinde
zone_wj1_4qw_2jb,DSCN0143#zone_wj1_4qw_2jb,1844
zone_gkq_mvt_3jb,DSCN0194#zone_gkq_mvt_3jb,3 Muharrem'il-harām sene 1236
zone_hhc_fwt_3jb,DSCN0194#zone_hhc_fwt_3jb,1236
zone_upd_1mf_z3b,DSCN0989#zone_upd_1mf_z3b,şehr Receb sene hıms ve salāsīn ve miyetein ve elif
zone_tbt_2mf_z3b,DSCN0989#zone_tbt_2mf_z3b,
zone_cm2_rj3_1jb,DSCN0989#zone_cm2_rj3_1jb,şehr Receb sene hımıs ve selāsīn ve mieteyn ve elif
zone_izf_vj3_1jb,DSCN0989#zone_izf_vj3_1jb,
zone_jh2_r2f_z3b,DSCN0976#zone_jh2_r2f_z3b,1217-03
zone_xbx_s2f_z3b,DSCN0976#zone_xbx_s2f_z3b,1803
zone_kqh_bs3_1jb,DSCN0976#zone_kqh_bs3_1jb,"bin
ikiyüz on yedi senesinde Martı"
zone_zcd_ds3_1jb,DSCN0976#zone_zcd_ds3_1jb,
zone_kqn_2s3_1jb,DSCN0976#zone_kqn_2s3_1jb,1803
zone_bmx_gc3_j3b,DSCN2185#zone_bmx_gc3_j3b,
zone_sxs_l1k_kjb,DSCN0209#zone_sxs_l1k_kjb,
zone_iy3_1bx_1jb,DSCN1671#zone_iy3_1bx_1jb,5 Ca sene 62
zone_mpy_cbx_1jb,DSCN1671#zone_mpy_cbx_1jb,
zone_ovq_2pw_cjb,DSCN1881#zone_ovq_2pw_cjb,16 ... sene 1285
zone_rhl_jmq_cjb,DSCN1856#zone_rhl_jmq_cjb,8 L sene 201
zone_wbh_vgq_cjb,DSCN1846#zone_wbh_vgq_cjb,bin yüz sekisen sekiz senesinde māh-ı Şevvālü'l-mükerremin yiğirmi yedinci gününde
zone_f4l_zgq_cjb,DSCN1846#zone_f4l_zgq_cjb,
zone_ebb_mdx_1jb,DSCN1675#zone_ebb_mdx_1jb,27 Ş sene 63
zone_jhv_4ww_cjb,DSCN1891#zone_jhv_4ww_cjb, sene 12
zone_u3j_vww_cjb,DSCN1891#zone_u3j_vww_cjb,
zone_fny_jsw_cjb,DSCN1885#zone_fny_jsw_cjb,
zone_icg_4sw_cjb,DSCN1885#zone_icg_4sw_cjb,
zone_wcd_psw_cjb,DSCN1885#zone_wcd_psw_cjb,
zone_nsq_fdf_z3b,DSCN0972#zone_nsq_fdf_z3b,sene fī 15 Safer sene 1191
zone_xsv_3df_z3b,DSCN0972#zone_xsv_3df_z3b,1777
zone_qsq_jdf_z3b,DSCN0972#zone_qsq_jdf_z3b,
zone_ggj_fpj_1jb,DSCN0972#zone_ggj_fpj_1jb,15 Safer 1191
zone_ik2_hpj_1jb,DSCN0972#zone_ik2_hpj_1jb,
zone_m4b_3pj_1jb,DSCN0972#zone_m4b_3pj_1jb,
zone_b4x_3tz_y3b ,DSCN0966#zone_b4x_3tz_y3b #zone_dcb_vvj_1jb,8 Z 74
zone_j2r_ltz_y3b ,DSCN0966#zone_j2r_ltz_y3b #zone_t2z_xvj_1jb,1274
zone_cw1_5tm_3jb,DSCN0184#zone_cw1_5tm_3jb,10 R sene 266
zone_uj2_ytm_3jb,DSCN0184#zone_uj2_ytm_3jb,1266
zone_bkv_zst_3jb,DSCN0190#zone_bkv_zst_3jb,20 Ş sene 1260
zone_g4c_ftt_3jb,DSCN0190#zone_g4c_ftt_3jb,1260
zone_bw1_xrw_2jb,DSCN0147#zone_bw1_xrw_2jb,16 Şevvāl sene 1260
zone_edj_1sw_2jb,DSCN0147#zone_edj_1sw_2jb,
zone_jp1_rld_djb,DSCN1932#zone_jp1_rld_djb,
zone_ftp_tld_djb,DSCN1932#zone_ftp_tld_djb,1843
zone_zrh_5ty_1jb,DSCN1701#zone_zrh_5ty_1jb,27 ... sene 1283
zone_i5l_h5y_1jb,DSCN1701#zone_i5l_h5y_1jb,
zone_v44_wmr_kkb,DSCN0350#zone_v44_wmr_kkb,"fi'l-yevmi'l-sālis min şehr-i Rebi'ü'l-evvel sene tisʿ ve arbaʿīn ve mieteyin
          ve elif"
zone_dwb_cnr_kkb,DSCN0350#zone_dwb_cnr_kkb,1833
zone_jxq_lm2_bjb,DSCN1728#zone_jxq_lm2_bjb,"fi'l-yevm
el-rābīʿ ve'l-ʿaşr min şehr Şaʿabānı'l-muʿazzam sene
ʿaşrīn ve mieteyn ve elif"
zone_zsl_sm2_bjb,DSCN1728#zone_zsl_sm2_bjb,
zone_rjp_tm2_bjb,DSCN1728#zone_rjp_tm2_bjb,
zone_vg2_k3r_kkb,DSCN0344#zone_vg2_k3r_kkb,27 R sene 72
zone_dwg_r3r_kkb,DSCN0344#zone_dwg_r3r_kkb,1856
zone_e4t_kgz_djb,DSCN8917#zone_e4t_kgz_djb,18 L 199
zone_rrp_ngz_djb,DSCN8917#zone_rrp_ngz_djb,24. avgust 1785.
zone_hym_rzf_z3b,DSCN0998#zone_hym_rzf_z3b,27 Ra 25
zone_tlb_vzf_z3b,DSCN0998#zone_tlb_vzf_z3b,1834
zone_y1d_3dk_kjb,DSCN0224#zone_y1d_3dk_kjb,sene 248
zone_d5r_ldk_kjb,DSCN0224#zone_d5r_ldk_kjb,1832
zone_d2h_xhq_h3b,DSCN9200#zone_d2h_xhq_h3b,sene 1266
zone_tzd_fjk_1jb,DSCN1648#zone_tzd_fjk_1jb,3 Ra 199
zone_atp_5jk_1jb,DSCN1648#zone_atp_5jk_1jb,
zone_oln_vjk_1jb,DSCN1648#zone_oln_vjk_1jb,3 Ra 199
zone_zc2_2lk_1jb,DSCN1648#zone_zc2_2lk_1jb,
zone_rbq_clk_1jb,DSCN1648#zone_rbq_clk_1jb,
zone_pt3_f2k_kjb,DSCN0230#zone_pt3_f2k_kjb,"bin iki yüz elli bir
                  senesinde"
zone_ev4_32k_kjb,DSCN0230#zone_ev4_32k_kjb,1251
zone_bll_1ck_kjb,DSCN0218#zone_bll_1ck_kjb,sene 66
zone_wg4_2ck_kjb,DSCN0218#zone_wg4_2ck_kjb,g. 1266
zone_rpr_fkq_cjb,DSCN1853#zone_rpr_fkq_cjb,5 Ra sene 1213
zone_d23_3kq_cjb,DSCN1853#zone_d23_3kq_cjb,
zone_i3p_bgw_cjb,DSCN1879#zone_i3p_bgw_cjb,20 Şaʿabān sene 1200
zone_plt_dgw_cjb,DSCN1879#zone_plt_dgw_cjb,
zone_igv_z3q_cjb,DSCN1851#zone_igv_z3q_cjb,8 Za sene 1208
zone_ryj_2jq_cjb,DSCN1851#zone_ryj_2jq_cjb,
zone_bxx_cjq_cjb,DSCN1851#zone_bxx_cjq_cjb,1794
zone_lfd_qxw_1jb,DSCN1662#zone_lfd_qxw_1jb,
zone_zxd_d2x_1jb,DSCN1676#zone_zxd_d2x_1jb,5 Ca 262
zone_ahc_n2x_1jb,DSCN1676#zone_ahc_n2x_1jb,
zone_tyr_pdk_kjb,DSCN0226#zone_tyr_pdk_kjb,"bin iki yüz on üç
                  senesine"
zone_d5t_sdk_kjb,DSCN0226#zone_d5t_sdk_kjb,1213
zone_pmm_42k_kjb,DSCN0232#zone_pmm_42k_kjb,"fi'l-yevimi'l-vāhid ve'l-ʿaşrūn
min şehri Saferi'l-... sene semān ve sabʿīn ve mieteyn ve elif"
zone_sjl_52k_kjb,DSCN0232#zone_sjl_52k_kjb,
zone_lht_dyz_djb,DSCN8929#zone_lht_dyz_djb,15 N sene 1211
zone_d2y_hyz_djb,DSCN8929#zone_d2y_hyz_djb,14. mart 1797
zone_lcl_rtx_cjb,DSCN1919#zone_lcl_rtx_cjb,4 Z sene 159
zone_zm1_ttx_cjb,DSCN1919#zone_zm1_ttx_cjb,1843
zone_pkd_qvx_cjb,DSCN1925#zone_pkd_qvx_cjb,"yevmi'l-tāsiʿ min şehr Zi'l-kaʿade
sene sitte ve hamsīn ve mieteyn ve elif"
zone_ntq_vvx_cjb,DSCN1925#zone_ntq_vvx_cjb,1841
zone_oq3_5f2_bjb,DSCN1716#zone_oq3_5f2_bjb,
zone_ulj_4kr_kkb,DSCN0346#zone_ulj_4kr_kkb,27 R sene 72
zone_ccs_rkr_kkb,DSCN0346#zone_ccs_rkr_kkb,1856
zone_srh_mbk_1jb,DSCN1058#zone_srh_mbk_1jb,11 Ca 1193
zone_mm1_pbk_1jb,DSCN1058#zone_mm1_pbk_1jb,1193
zone_yts_1kd_djb,DSCN1930#zone_yts_1kd_djb,1 Z sene 259
zone_bpf_ckd_djb,DSCN1930#zone_bpf_ckd_djb,1843
zone_nsd_dfz_djb,DSCN8914#zone_nsd_dfz_djb,"el-yevmi'l-hāmis Saferi'l-...
sene ahadā ve tisʿīn ve mie ve elif"
zone_qn4_gfz_djb,DSCN8914#zone_qn4_gfz_djb,13. februar 1777.
zone_azq_hfz_djb,DSCN8914#zone_azq_hfz_djb,
zone_xxm_gxz_djb,DSCN8928#zone_xxm_gxz_djb,11 N sene 1211
zone_b4d_kxz_djb,DSCN8928#zone_b4d_kxz_djb,10 mart 1797
zone_bpt_3cq_h3b,DSCN9161#zone_bpt_3cq_h3b,
zone_uth_2rw_2jb,DSCN0145#zone_uth_2rw_2jb,16 Şevvāl sene 1260
zone_qjm_grw_2jb,DSCN0145#zone_qjm_grw_2jb,1844
zone_ohn_htw_2jb,DSCN0151#zone_ohn_htw_2jb,21 R sene 264
zone_fs5_ltw_2jb,DSCN0151#zone_fs5_ltw_2jb,1848
zone_wdy_qpm_3jb,DSCN0179#zone_wdy_qpm_3jb,bin iki yüz dört senesinde
zone_hcg_2qm_3jb,DSCN0179#zone_hcg_2qm_3jb,1204
zone_hgd_pvm_3jb,DSCN0186#zone_hgd_pvm_3jb,bin iki yüz yedi senesinde
zone_dvy_rvm_3jb,DSCN0186#zone_dvy_rvm_3jb,
zone_ary_d5t_3jb,DSCN0192#zone_ary_d5t_3jb,bin iki yüz krık bir senesinde
zone_b1k_h5t_3jb,DSCN0192#zone_b1k_h5t_3jb,1241
zone_ist_scf_z3b,DSCN0970#zone_ist_scf_z3b,27 Muharrem 72
zone_ryq_5cf_z3b,DSCN0970#zone_ryq_5cf_z3b,1273
zone_vnb_2qj_1jb,DSCN0970#zone_vnb_2qj_1jb,27 Muharrem 72
zone_nh1_jsz_y3b,DSCN0964#zone_nh1_jsz_y3b,21 Z 254
zone_j3c_lsz_y3b,DSCN0964#zone_j3c_lsz_y3b,1253
zone_pvb_ktj_1jb,DSCN0964#zone_pvb_ktj_1jb,21 Z 254
zone_mh1_mtj_1jb,DSCN0964#zone_mh1_mtj_1jb,
zone_wvn_mtj_1jb,DSCN0964#zone_wvn_mtj_1jb,1253
zone_e1v_fxw_cjb,DSCN1893#zone_e1v_fxw_cjb, sene 12
zone_y4z_xxw_cjb,DSCN1893#zone_y4z_xxw_cjb,
zone_vhn_mtw_cjb,DSCN1887#zone_vhn_mtw_cjb,
zone_ufk_rtw_cjb,DSCN1887#zone_ufk_rtw_cjb,5 ... sene 1246
zone_k2d_ttw_cjb,DSCN1887#zone_k2d_ttw_cjb,1830
zone_rjx_fyw_1jb,DSCN1663#zone_rjx_fyw_1jb,suls ve ʿaşrīn ve mieteyn ve elif
zone_h4s_f2y_1jb,DSCN1688#zone_h4s_f2y_1jb,3 Şaʿabān 1234
zone_wkz_32y_1jb,DSCN1688#zone_wkz_32y_1jb,
zone_ykg_hcq_cjb,DSCN1844#zone_ykg_hcq_cjb,5 M 74
zone_ilt_jcq_cjb,DSCN1844#zone_ilt_jcq_cjb,
zone_zdj_lcq_cjb,DSCN1844#zone_zdj_lcq_cjb,28 ... 173
zone_v11_ncq_cjb,DSCN1844#zone_v11_ncq_cjb,"gürre-i Muharremi'l-harām sene arbaʿ ve sabʿīn
ve mie ve elif"
zone_r2q_4cq_cjb,DSCN1844#zone_r2q_4cq_cjb,5 M 74
zone_gs5_rcq_cjb,DSCN1844#zone_gs5_rcq_cjb,
zone_u3k_xxp_cjb,DSCN1837#zone_u3k_xxp_cjb,"el-şehr Şevvāl mükerrem min yevm
ʿaşar isnā sene isnā ʿaşrīn mieteyn ve elif"
zone_gzx_y2z_k3b,DSCN0081#zone_gzx_y2z_k3b,
zone_c5m_vnw_2jb,DSCN0136#zone_c5m_vnw_2jb,bin iki yüz altmış beş senesinde
zone_hm4_b4w_2jb,DSCN0136#zone_hm4_b4w_2jb,
zone_fzn_k3v_2jb,DSCN0122#zone_fzn_k3v_2jb,bin iki yüz otuz dokuz senseinde
zone_tkg_n3v_2jb,DSCN0122#zone_tkg_n3v_2jb,1824
zone_vmf_km2_djb,DSCN1957#zone_vmf_km2_djb,
zone_g42_5m2_djb,DSCN1957#zone_g42_5m2_djb,18 S sene 64
zone_rp5_wm2_djb,DSCN1957#zone_rp5_wm2_djb,1264
zone_btp_swd_djb,DSCN1943#zone_btp_swd_djb,5 C sene 262
zone_yhp_f2p_2kb,DSCN0320#zone_yhp_f2p_2kb,21 L sene 264
zone_r3y_k2p_2kb,DSCN0320#zone_r3y_k2p_2kb,1848
zone_yfn_4vg_j3b,DSCN1980#zone_yfn_4vg_j3b,
zone_kjj_kr4_2kb,DSCN0308#zone_kjj_kr4_2kb,bin iki yüz altmış beş senesinde
zone_zvr_pr4_2kb,DSCN0308#zone_zvr_pr4_2kb,
zone_gdz_3wg_z3b,DSCN1016#zone_gdz_3wg_z3b,15 L 241
zone_tsf_2rh_cjb,DSCN1764#zone_tsf_2rh_cjb,"fi'l-yevmi'l-hādī ʿaşar min Zi'l-kaʿada'l-şerīfe sene hıms ve arbaʿīn
ve mieteyn ve elif"
zone_otc_3rh_cjb,DSCN1764#zone_otc_3rh_cjb,1830
zone_ejn_fcg_z3b,DSCN1003#zone_ejn_fcg_z3b,23 Safer sene 37
zone_c1n_3cg_z3b,DSCN1003#zone_c1n_3cg_z3b,
zone_vpd_x4h_cjb,DSCN1759#zone_vpd_x4h_cjb,
zone_bhr_y4h_cjb,DSCN1759#zone_bhr_y4h_cjb,
zone_vbv_nql_kkb,DSCN0335#zone_vbv_nql_kkb,bin iki yüz elli iki yüz senesinde
zone_vcv_5p5_2jb,DSCN8966#zone_vcv_5p5_2jb,"fi'l-yevmi'l-hāmis Receb Sene suls ve sabʿīn
                  ve mie ve elif"
zone_j3y_cq5_2jb,DSCN8966#zone_j3y_cq5_2jb,1759
zone_wry_dq5_2jb,DSCN8966#zone_wry_dq5_2jb,13. mart 1760
zone_t2z_pry_y3b,DSCN0916#zone_t2z_pry_y3b,fi'l-yevmi'l-sālis ʿaşar min Rebīʿ'l-āhir
zone_pqf_tfy_y3b,DSCN0902#zone_pqf_tfy_y3b,1776
zone_gh1_wfy_y3b,DSCN0902#zone_gh1_wfy_y3b,
zone_g44_mt5_l3b,DSCN0094#zone_g44_mt5_l3b,"şehr Rebiü'l-evvel
                  sene 1156"
zone_sg2_rt5_l3b,DSCN0094#zone_sg2_rt5_l3b,
zone_dmf_c25_xjb,DSCN0269#zone_dmf_c25_xjb,26 Şaʿabāni'l-muʿazzam sene 1209
zone_hy4_j25_xjb,DSCN0269#zone_hy4_j25_xjb,1793
zone_iwl_zqt_xjb,DSCN0255#zone_iwl_zqt_xjb,13 R sene 1211
zone_uym_dgk_kjb,DSCN0241#zone_uym_dgk_kjb,21 R sene 37
zone_pjz_ggk_kjb,DSCN0241#zone_pjz_ggk_kjb,1822
zone_x3x_z4s_yjb,DSCN0296#zone_x3x_z4s_yjb,25 Ca sene 1271
zone_rdr_hps_yjb,DSCN0296#zone_rdr_hps_yjb,1271
zone_pff_zwp_cjb,DSCN1836#zone_pff_zwp_cjb,20 ... sene 92
zone_vpr_w35_xjb,DSCN0282#zone_vpr_w35_xjb,13 Ra sene 56
zone_stk_z35_xjb,DSCN0282#zone_stk_z35_xjb,
zone_gfq_gwp_cjb,DSCN1834#zone_gfq_gwp_cjb,5 R sene 216
zone_vjj_jwp_cjb,DSCN1834#zone_vjj_jwp_cjb,
zone_fys_cg5_xjb,DSCN0280#zone_fys_cg5_xjb,L sene 191
zone_m4j_3t4_cjb,DSCN1820#zone_m4j_3t4_cjb,"fi'l-yevmi'l-hāmis ʿaşar min Cemaziye'l-evvelī sene tisʿ ve tisʿīn
ve mie ve elif"
zone_hk2_mt4_cjb,DSCN1820#zone_hk2_mt4_cjb,
zone_ixl_grt_xjb,DSCN0257#zone_ixl_grt_xjb,28 M sene 224
zone_t5x_jrt_xjb,DSCN0257#zone_t5x_jrt_xjb,1809
zone_c3s_ngk_kjb,DSCN0243#zone_c3s_ngk_kjb,17 C sene 198
zone_zht_qgk_kjb,DSCN0243#zone_zht_qgk_kjb,
zone_vty_1y5_l3b,DSCN0096#zone_vty_1y5_l3b,bin iki yüz on üç sene
zone_vcp_cy5_l3b,DSCN0096#zone_vcp_cy5_l3b,1799
zone_rbd_mfz_k3b,DSCN0082#zone_rbd_mfz_k3b,17 Ca 181
zone_gf4_4fz_k3b,DSCN0082#zone_gf4_4fz_k3b,
zone_l3t_13v_2jb,DSCN0121#zone_l3t_13v_2jb,9 Za sene 244
zone_nxm_5bv_2jb,DSCN0109#zone_nxm_5bv_2jb,
zone_ml2_xbv_2jb,DSCN0109#zone_ml2_xbv_2jb,
zone_mjb_rkq_h3b,DSCN9307#zone_mjb_rkq_h3b,21 Receb sene 251
zone_w2r_dfp_2kb,DSCN0323#zone_w2r_dfp_2kb,
zone_nqx_jfp_2kb,DSCN0323#zone_nqx_jfp_2kb,
zone_zjd_2bg_z3b,DSCN1001#zone_zjd_2bg_z3b,
zone_ajb_gbg_z3b,DSCN1001#zone_ajb_gbg_z3b,5 C 193
zone_mnn_3bg_z3b,DSCN1001#zone_mnn_3bg_z3b,1193
zone_cpp_3vg_z3b,DSCN1014#zone_cpp_3vg_z3b,fi'l-yevmi'l-hādī ʿaşar min Zi'l-kaʿade'l-şerīfe sene hamıs ve arbaʿīn ve miyeteyn ve elif
zone_xwm_lvg_z3b,DSCN1014#zone_xwm_lvg_z3b,1830
zone_mvl_k23_cjb,DSCN1772#zone_mvl_k23_cjb,
zone_wmd_n23_cjb,DSCN1772#zone_wmd_n23_cjb,3 R sene 198
zone_pgr_423_cjb,DSCN1772#zone_pgr_423_cjb,
zone_w2g_w13_cjb,DSCN1766#zone_w2g_w13_cjb,"fi'l-hāmis ʿaşrīn şehr Zi'l-kaʿada-ı şerīf sene
semān ve hamsīn ve mieteyn ve elif"
zone_zbr_bb3_cjb,DSCN1766#zone_zbr_bb3_cjb,1842. ... 10
zone_txh_qrl_kkb,DSCN0336#zone_txh_qrl_kkb,"fi'l-yevmi'l-sābiʿ min şehr-i şerīf Receb'il-... sene
          isnā ve sabʿīn ve mieteyn ve elif"
zone_cb5_5rl_kkb,DSCN0336#zone_cb5_5rl_kkb,
zone_nw4_1dz_djb,DSCN1969#zone_nw4_1dz_djb,1181-02-01
zone_m12_4l2_djb,DSCN1955#zone_m12_4l2_djb,29 Muharrem sene 1283
zone_qwp_pl2_djb,DSCN1955#zone_qwp_pl2_djb,
zone_pzm_rl2_djb,DSCN1955#zone_pzm_rl2_djb,
zone_jtw_sl2_djb,DSCN1955#zone_jtw_sl2_djb,
zone_tmr_tl2_djb,DSCN1955#zone_tmr_tl2_djb,
zone_ns5_svd_djb,DSCN1941#zone_ns5_svd_djb,21 Ca sene 70
zone_bbc_vvd_djb,DSCN1941#zone_bbc_vvd_djb,
zone_esr_jhv_2jb,DSCN0120#zone_esr_jhv_2jb,
zone_kws_c5h_j3b,DSCN2086#zone_kws_c5h_j3b,
zone_j2w_j5h_j3b,DSCN2086#zone_j2w_j5h_j3b,
zone_c1s_m5h_j3b,DSCN2086#zone_c1s_m5h_j3b,
zone_frm_n5h_j3b,DSCN2086#zone_frm_n5h_j3b,
zone_fds_2py_y3b,DSCN0915#zone_fds_2py_y3b,5 ... 77
zone_hdk_sj4_cjb,DSCN1809#zone_hdk_sj4_cjb,2 ... sene 1280
zone_wrw_bks_yjb,DSCN0291#zone_wrw_bks_yjb,bin iki yüz yiğirmi yedi senesinde
zone_yb1_gks_yjb,DSCN0291#zone_yb1_gks_yjb,
zone_iq5_bhk_kjb,DSCN0246#zone_iq5_bhk_kjb,14 M sene 1188
zone_vpp_lgy_y3b,DSCN0905#zone_vpp_lgy_y3b," fī'-l yevmi'l-hamīs ve ʿaşrayn min Şaʿabān el-...
            sene sitte ve arbaʿīn"
zone_mms_tlv_2jb,DSCN0124#zone_mms_tlv_2jb,18 Ra sene 248
zone_npd_mkn_2jb,DSCN8961#zone_npd_mkn_2jb,fi'l-yevmi'l-hāmis ʿaşar Zi'l-kaʿade sene sabʿ tisʿīn ve mie ve elif
zone_vdw_skn_2jb,DSCN8961#zone_vdw_skn_2jb,1198
zone_hhs_jkn_2jb,DSCN8961#zone_hhs_jkn_2jb,12. oktobar 1783
zone_dy3_q12_djb,DSCN1951#zone_dy3_q12_djb,"9 Cemaziye'l-evvel sene
                  81"
zone_z42_512_djb,DSCN1951#zone_z42_512_djb,1875
zone_gqd_1x3_cjb,DSCN1789#zone_gqd_1x3_cjb,5 Rebī'ü'l-āhir sene1281
zone_fxf_bx3_cjb,DSCN1789#zone_fxf_bx3_cjb,
zone_grs_fx3_cjb,DSCN1789#zone_grs_fx3_cjb,
zone_tz1_2x3_cjb,DSCN1789#zone_tz1_2x3_cjb,Rebijul evel 1281.
zone_fn1_cqh_cjb,DSCN1762#zone_fn1_cqh_cjb,
zone_bk3_2qh_cjb,DSCN1762#zone_bk3_2qh_cjb,13 M sene 176
zone_lx1_mqh_cjb,DSCN1762#zone_lx1_mqh_cjb,1762
zone_czc_333_cjb,DSCN1776#zone_czc_333_cjb,
zone_vl5_k33_cjb,DSCN1776#zone_vl5_k33_cjb,13 M sene 1241
zone_ovm_n33_cjb,DSCN1776#zone_ovm_n33_cjb,Augusta 1825
zone_akg_1zg_j3b,DSCN1987#zone_akg_1zg_j3b,27 māh Şavvāl sene 269
zone_hvg_4tg_z3b,DSCN1011#zone_hvg_4tg_z3b,25 Ca 231
zone_vhq_qtg_z3b,DSCN1011#zone_vhq_qtg_z3b,
zone_bmx_lqg_z3b,DSCN1005#zone_bmx_lqg_z3b,... 238
zone_ahk_pqg_z3b,DSCN1005#zone_ahk_pqg_z3b,
zone_prc_jxd_djb,DSCN1944#zone_prc_jxd_djb,5 C sene 262
zone_k4p_mxd_djb,DSCN1944#zone_k4p_mxd_djb,
zone_sgy_1q1_2jb,DSCN8948#zone_sgy_1q1_2jb,1200-10-11
zone_sq1_kp1_2jb,DSCN8948#zone_sq1_kp1_2jb,
zone_hlb_gq1_2jb,DSCN8948#zone_hlb_gq1_2jb,7.do 16 avgusta 1768
zone_y2m_54v_2jb,DSCN0131#zone_y2m_54v_2jb,3 Ş sene 1234
zone_emk_1pv_2jb,DSCN0131#zone_emk_1pv_2jb,
zone_nhk_kmv_2jb,DSCN0125#zone_nhk_kmv_2jb,15 B sene 35
zone_ytn_4mv_2jb,DSCN0125#zone_ytn_4mv_2jb,
zone_jtz_rmv_2jb,DSCN0125#zone_jtz_rmv_2jb,15. Rebjulahira 1235
zone_cwr_pgv_2jb,DSCN0119#zone_cwr_pgv_2jb,
zone_n3c_32z_k3b,DSCN0079#zone_n3c_32z_k3b,
zone_sbx_k2z_k3b,DSCN0079#zone_sbx_k2z_k3b,
zone_srj_xmz_k3b,DSCN0086#zone_srj_xmz_k3b,iki yüz doksan yedi senesinde
zone_fdr_zmz_k3b,DSCN0086#zone_fdr_zmz_k3b,1783
zone_gtr_hp5_l3b,DSCN0092#zone_gtr_hp5_l3b,
zone_g2l_jp5_l3b,DSCN0092#zone_g2l_jp5_l3b,
zone_mjl_kp5_l3b,DSCN0092#zone_mjl_kp5_l3b,
zone_umg_3pt_xjb,DSCN0247#zone_umg_3pt_xjb,
zone_fdk_mpt_xjb,DSCN0247#zone_fdk_mpt_xjb,
zone_r3b_rqt_xjb,DSCN0253#zone_r3b_rqt_xjb,sene 1230
zone_pq1_5qt_xjb,DSCN0253#zone_pq1_5qt_xjb,1816
zone_hbc_g54_cjb,DSCN1824#zone_hbc_g54_cjb,16 B sene 70
zone_zdw_tv4_cjb,DSCN1824#zone_zdw_tv4_cjb,13 B sene 70
zone_db2_vv4_cjb,DSCN1824#zone_db2_vv4_cjb,gürre Ş sene 70
zone_x3v_wv4_cjb,DSCN1824#zone_x3v_wv4_cjb,sene 69 fī 26
zone_zpn_zv4_cjb,DSCN1824#zone_zpn_zv4_cjb,gürre B sene 70
zone_fqj_bw4_cjb,DSCN1824#zone_fqj_bw4_cjb,21 Ra sene 70
zone_czw_cw4_cjb,DSCN1824#zone_czw_cw4_cjb,
zone_dgb_fw4_cjb,DSCN1824#zone_dgb_fw4_cjb,15 Ra sene 70
zone_ezq_hw4_cjb,DSCN1824#zone_ezq_hw4_cjb,15 ... sene 70
zone_ubz_jw4_cjb,DSCN1824#zone_ubz_jw4_cjb,15 Receb sene 70
zone_vz3_lw4_cjb,DSCN1824#zone_vz3_lw4_cjb,sene 70
zone_cwy_mw4_cjb,DSCN1824#zone_cwy_mw4_cjb,15 Ş sene 70
zone_mmy_4w4_cjb,DSCN1824#zone_mmy_4w4_cjb,25 Z sene 70
zone_hqd_435_xjb,DSCN0284#zone_hqd_435_xjb,1215-03
zone_tk1_r35_xjb,DSCN0284#zone_tk1_r35_xjb,1801
zone_ox3_vsp_cjb,DSCN1830#zone_ox3_vsp_cjb,"fi'l-yevmi'l-hāmis ve'l-ʿaşrīn min şehr Şaʿabān
el-muʿazzam sene semān ve semānīn ve mie ve elif"
zone_usb_1tp_cjb,DSCN1830#zone_usb_1tp_cjb,1776
zone_ers_ds4_cjb,DSCN1818#zone_ers_ds4_cjb,Rebi'ü'l-evvel sene 1198
zone_urn_js4_cjb,DSCN1818#zone_urn_js4_cjb,S 13 sene 1198
zone_kg2_ls4_cjb,DSCN1818#zone_kg2_ls4_cjb,
zone_p5j_hf5_xjb,DSCN0286#zone_p5j_hf5_xjb,233
zone_tk3_lf5_xjb,DSCN0286#zone_tk3_lf5_xjb,1818
zone_fgk_wg5_xjb,DSCN0279#zone_fgk_wg5_xjb,bin iki yüz beş senesinde
zone_zcq_5gk_kjb,DSCN0245#zone_zcq_5gk_kjb,
zone_zqv_gqt_xjb,DSCN0251#zone_zqv_gqt_xjb,
zone_rs5_kqt_xjb,DSCN0251#zone_rs5_kqt_xjb,
zone_g2z_vjz_k3b,DSCN0084#zone_g2z_vjz_k3b,22 ... sene 1175
zone_jld_yjz_k3b,DSCN0084#zone_jld_yjz_k3b,
zone_old_sdm_l3b,DSCN0090#zone_old_sdm_l3b,
zone_ys4_tdm_l3b,DSCN0090#zone_ys4_tdm_l3b,1832
zone_ngn_crv_2jb,DSCN0133#zone_ngn_crv_2jb,28 Ra sene 250
zone_phv_frv_2jb,DSCN0133#zone_phv_frv_2jb,1834
zone_klr_xk3_x3b,DSCN0899#zone_klr_xk3_x3b,fi'l-yevmi'l-sālis ve'l-ʿaşrīn min Muharrem'l-harām sene tisʿ ve sabʿīn ve miye ve elif
zone_sz3_1l3_x3b,DSCN0899#zone_sz3_1l3_x3b,
zone_xmj_vk3_x3b,DSCN0899#zone_xmj_vk3_x3b,
zone_n5h_2l3_x3b,DSCN0899#zone_n5h_2l3_x3b,1765
zone_c4b_2h3_cjb,DSCN1775#zone_c4b_2h3_cjb,21 C sene 53
zone_wtw_hh3_cjb,DSCN1775#zone_wtw_hh3_cjb,25 S sene 1253
zone_vty_4rg_z3b,DSCN1007#zone_vty_4rg_z3b,28 Zi'l-kaʿade 1212
zone_nvz_yfh_cjb,DSCN1749#zone_nvz_yfh_cjb,... sene 1289
zone_dqz_ncp_2kb,DSCN0318#zone_dqz_ncp_2kb,8 Ra sene 259
zone_jwz_pcp_2kb,DSCN0318#zone_jwz_pcp_2kb,
zone_ngv_25g_z3b,DSCN1012#zone_ngv_25g_z3b,ʿaşar Şaʿbān 240
zone_off_kg3_cjb,DSCN1774#zone_off_kg3_cjb,13 Ş sene 253
zone_bvv_wk2_djb,DSCN1953#zone_bvv_wk2_djb,29 Muharrem sene 1283
zone_b3s_xk2_djb,DSCN1953#zone_b3s_xk2_djb,
zone_oxq_zk2_djb,DSCN1953#zone_oxq_zk2_djb,
zone_bq2_f4y_y3b,DSCN0913#zone_bq2_f4y_y3b,22 Ra 64
zone_kxy_g4y_y3b,DSCN0913#zone_kxy_g4y_y3b,
zone_mwj_bjy_y3b,DSCN0907#zone_mwj_bjy_y3b,1156-12-21
zone_kz4_zms_yjb,DSCN0293#zone_kz4_zms_yjb,"fi'l-yevmi'l-rābiʿ ve ʿaşr min
māh-ı Cemaziye'l-āhir sene semān ve tisʿīn ve mie ve elif"
zone_umy_fdj_cjb,DSCN1802#zone_umy_fdj_cjb,2 ... sene 89
zone_ojb_s44_cjb,DSCN1816#zone_ojb_s44_cjb,20 ... sene 1280
zone_c4h_bp4_cjb,DSCN1816#zone_c4h_bp4_cjb,
zone_w1d_cp4_cjb,DSCN1816#zone_w1d_cp4_cjb,
zone_q3w_xst_xjb,DSCN0261#zone_q3w_xst_xjb,11 ... 257
zone_lmk_btt_xjb,DSCN0261#zone_lmk_btt_xjb,1842
zone_bw2_yh5_xjb,DSCN0275#zone_bw2_yh5_xjb,6 L sene 255
zone_fgx_135_xjb,DSCN0275#zone_fgx_135_xjb,
zone_glw_zpt_xjb,DSCN0249#zone_glw_zpt_xjb,
zone_byj_cqt_xjb,DSCN0249#zone_byj_cqt_xjb,1800
zone_lm4_cs5_2jb,DSCN0088#zone_lm4_cs5_2jb,bin yüz sekisen dokuz senesinde
zone_lf3_fs5_2jb,DSCN0088#zone_lf3_fs5_2jb,1776 ... 7
zone_e4w_hbz_k3b,DSCN0077#zone_e4w_hbz_k3b,1197
zone_uth_lbz_k3b,DSCN0077#zone_uth_lbz_k3b,
zone_zjz_1fv_2jb,DSCN0117#zone_zjz_1fv_2jb,11 māh C sene 1246
zone_qbj_dfv_2jb,DSCN0117#zone_qbj_dfv_2jb,1831
zone_b15_sc3_x3b,DSCN0895#zone_b15_sc3_x3b,fi'l-yevmi'l-hāmis ve el-ʿöşrīn min Cemaziye'l-ahir
zone_cwx_5k1_2jb,DSCN8946#zone_cwx_5k1_2jb,1181-03-11
zone_hdh_wk1_2jb,DSCN8946#zone_hdh_wk1_2jb,
zone_cfy_yk1_2jb,DSCN8946#zone_cfy_yk1_2jb,29. juli-7avgusta 1670
zone_c2b_pv3_cjb,DSCN1786#zone_c2b_pv3_cjb,7 Cemaziye'l-evvel sene 1283
zone_lc3_qv3_cjb,DSCN1786#zone_lc3_qv3_cjb,
zone_m3b_vv3_cjb,DSCN1786#zone_m3b_vv3_cjb,
zone_f4w_sv3_cjb,DSCN1786#zone_f4w_sv3_cjb,
zone_i4t_vv3_cjb,DSCN1786#zone_i4t_vv3_cjb,
zone_mz2_z4l_kkb,DSCN0329#zone_mz2_z4l_kkb,"fi'l-yevmi'l-sānī ve'l-ʿaşrūn min şehr-i Rebi'ü'l-evvel
          sene isnā ve sabʿīn ve mieteyn ve elif"
zone_ojq_2pl_kkb,DSCN0329#zone_ojq_2pl_kkb,
zone_wyx_ygh_cjb,DSCN1750#zone_wyx_ygh_cjb,7 Cemaziye'l-evvel sene 1283
zone_n4q_jhh_cjb,DSCN1750#zone_n4q_jhh_cjb,
zone_pgr_t1n_2kb,DSCN0300#zone_pgr_t1n_2kb,3 Ş sene 1234
zone_sr4_x1n_2kb,DSCN0300#zone_sr4_x1n_2kb,
zone_bkw_jz4_2kb,DSCN0314#zone_bkw_jz4_2kb,20 L sene 263
zone_vtl_pz4_2kb,DSCN0314#zone_vtl_pz4_2kb,
zone_ztb_ny3_cjb,DSCN1793#zone_ztb_ny3_cjb,20 R sene 68
zone_skp_ty3_cjb,DSCN1793#zone_skp_ty3_cjb,
zone_h2t_1r2_djb,DSCN1963#zone_h2t_1r2_djb,gürre-i Saferi'l-... sene ahadā ve semānīn ve mie ve elif
zone_zdn_fr2_djb,DSCN1963#zone_zdn_fr2_djb,1767
zone_cwx_rt1_2jb,DSCN8953#zone_cwx_rt1_2jb,fi'l-yevmi'l-hāmis ʿaşar Receb sene suls ve sabʿīn ve mie ve elif
zone_phx_yt1_2jb,DSCN8953#zone_phx_yt1_2jb,13. mart 1760
zone_vft_n55_2jb,DSCN0102#zone_vft_n55_2jb,18 ... sene 171
zone_g4z_q55_2jb,DSCN0102#zone_g4z_q55_2jb,1758
zone_pch_pst_xjb,DSCN0260#zone_pch_pst_xjb,9 B sene 221
zone_dqx_3t5_xjb,DSCN0289#zone_dqx_3t5_xjb,19
zone_pzw_rt5_xjb,DSCN0289#zone_pzw_rt5_xjb,
zone_vsy_2ly_y3b,DSCN0909#zone_vsy_2ly_y3b," fi'l-yevmi'l-sānī
            ve'l-ʿaşrīn ve ... Rebīʿl-āhir sene ... ve tisʿīn ve miyetein ve
elif"
zone_f1h_mly_y3b,DSCN0909#zone_f1h_mly_y3b,21 ... 294
zone_ixf_m5y_y3b,DSCN0921#zone_ixf_m5y_y3b,fi'l-yevmi'l-sānī ʿaşr min Muharrem'l-harām sene ahadī ve miyetein ve elif
zone_l2r_3yh_j3b,DSCN2111#zone_l2r_3yh_j3b,2 Ra sene 74
zone_x2h_4t5_2jb,DSCN0100#zone_x2h_4t5_2jb,bin iki yüz kırk dört senesinde
zone_wx1_rt5_2jb,DSCN0100#zone_wx1_rt5_2jb,1829
zone_g1s_mbh_j3b,DSCN2065#zone_g1s_mbh_j3b,5 B sene 199
zone_nxl_t34_c3b,DSCN0896#zone_nxl_t34_c3b,21 Ra 1202
zone_pwq_xj3_x3b,DSCN0896#zone_pwq_xj3_x3b,27 Juna 1788
zone_zx1_4q2_djb,DSCN1961#zone_zx1_4q2_djb,
zone_tq5_pq2_djb,DSCN1961#zone_tq5_pq2_djb,
zone_j4q_pmw_j3b,DSCN2298#zone_j4q_pmw_j3b,bin iki yüz kırk dört sene
zone_nkv_lzd_djb,DSCN1949#zone_nkv_lzd_djb,29 Muharrem sene 1283
zone_wl5_mzd_djb,DSCN1949#zone_wl5_mzd_djb,
zone_lky_4zd_djb,DSCN1949#zone_lky_4zd_djb,
zone_fj4_5cn_2kb,DSCN0302#zone_fj4_5cn_2kb,23 Ş sene 250
zone_kw5_cdn_2kb,DSCN0302#zone_kw5_cdn_2kb,1834
zone_zdg_fbp_2kb,DSCN0316#zone_zdg_fbp_2kb,bin iki yüz altmış üç senesinde
zone_o4c_qbp_2kb,DSCN0316#zone_o4c_qbp_2kb,1848
zone_ld5_1fh_cjb,DSCN1746#zone_ld5_1fh_cjb,5 el-yevm M sene 1218
zone_vxk_cfh_cjb,DSCN1746#zone_vxk_cfh_cjb,
zone_hfc_13h_cjb,DSCN1752#zone_hfc_13h_cjb,fi'l-sānī min şehr Recebi'l-müreccib sene arbaʿa ve arbaʿin ve mieteyn ve elif
zone_xyw_d3h_cjb,DSCN1752#zone_xyw_d3h_cjb,9 B sene 244
zone_zfd_f3h_cjb,DSCN1752#zone_zfd_f3h_cjb,
zone_gy3_j33_1jb,DSCN1021#zone_gy3_j33_1jb,18 min Şevvāl'l-mükerrem sene 1188
zone_eml_jsg_z3b,DSCN1009#zone_eml_jsg_z3b,... S 231
zone_zzp_yyd_djb,DSCN1948#zone_zzp_yyd_djb,29 Muharrem sene 1283
zone_w5f_1zd_djb,DSCN1948#zone_w5f_1zd_djb,
zone_dqk_wp2_djb,DSCN1960#zone_dqk_wp2_djb,25 N sene 59
zone_tbs_kj1_2jb,DSCN8944#zone_tbs_kj1_2jb,fi'l-yevmi'l-hāmis ʿaşar şehr Saferi'l-... sene arbaʿa ve ʿaşrīn ve elif
zone_kgr_4j1_2jb,DSCN8944#zone_kgr_4j1_2jb,16. mart 1615
zone_w5s_znv_2jb,DSCN0129#zone_w5s_znv_2jb,25 Ca sene 1271
zone_j1n_d4v_2jb,DSCN0129#zone_j1n_d4v_2jb,1271
zone_xlp_h2v_2jb,DSCN0115#zone_xlp_h2v_2jb,bin iki yüz krık beş senesinde
zone_krf_k2v_2jb,DSCN0115#zone_krf_k2v_2jb,1832
zone_x5j_dj5_xjb,DSCN0263#zone_x5j_dj5_xjb,21 Ş sene 1247
zone_ljv_s25_xjb,DSCN0277#zone_ljv_s25_xjb,29 C sene 1236
zone_iqz_v25_xjb,DSCN0277#zone_iqz_v25_xjb,1821
zone_srk_t1j_cjb,DSCN1800#zone_srk_t1j_cjb,"fİ'l-yevmi'l-tāsiʿ ve ʿaşrīn min Saferi'l-... sene
            ahadā ve tisʿīn
ve mie ve elif"
zone_whw_y1j_cjb,DSCN1800#zone_whw_y1j_cjb,17 Ca sene 191
zone_ugb_cbj_cjb,DSCN1800#zone_ugb_cbj_cjb,1777
zone_s1q_tn4_cjb,DSCN1814#zone_s1q_tn4_cjb,gürre-i Cemaziye'l-evvel sene hıms ve ʿaşrīn ve mie ve elif
zone_a4p_1l4_cjb,DSCN1810#zone_a4p_1l4_cjb,20 ... sene 1280
zone_e4d_g2j_cjb,DSCN1804#zone_e4d_g2j_cjb,
zone_ekd_k2j_cjb,DSCN1804#zone_ekd_k2j_cjb,1805
zone_knk_1f5_xjb,DSCN0273#zone_knk_1f5_xjb,27 M sene 253
zone_dyd_df5_xjb,DSCN0273#zone_dyd_df5_xjb,1837
zone_vlw_f35_xjb,DSCN0267#zone_vlw_f35_xjb,27 Ş sene 249
zone_fgg_335_xjb,DSCN0267#zone_fgg_335_xjb,
zone_xtr_c1z_y3b,DSCN0930#zone_xtr_c1z_y3b,28 N sene 1253
zone_rrm_gwy_y3b,DSCN0924#zone_rrm_gwy_y3b,18 R 1210
zone_ddh_3wy_y3b,DSCN0924#zone_ddh_3wy_y3b,1796
zone_lh1_cty_y3b,DSCN0918#zone_lh1_cty_y3b,24 Ra 257
zone_ogh_2w5_2jb,DSCN0105#zone_ogh_2w5_2jb,21 ... sene 1183
zone_mrg_3w5_2jb,DSCN0105#zone_mrg_3w5_2jb,
zone_mw5_pcv_2jb,DSCN0111#zone_mw5_pcv_2jb,7 Racab sene 1235
zone_ydd_5cv_2jb,DSCN0111#zone_ydd_5cv_2jb,
zone_jhd_vcv_2jb,DSCN0111#zone_jhd_vcv_2jb,1820
zone_rsh_2k3_cjb,DSCN1780#zone_rsh_2k3_cjb,"fi'l-yevmi'l-hāmis ve'l-ʿaşrūn min şehr Recebi'l-... sene
suls ve sabʿīn ve mieteyn ve elif"
zone_irc_hk3_cjb,DSCN1780#zone_irc_hk3_cjb,Redjep 1254
zone_qm3_d31_2jb,DSCN8940#zone_qm3_d31_2jb,1269-06-21
zone_pry_231_2jb,DSCN8940#zone_pry_231_2jb,
zone_swm_h31_2jb,DSCN8940#zone_swm_h31_2jb,1-9 aprila 1853
zone_m2n_f2h_cjb,DSCN1743#zone_m2n_f2h_cjb,"gürre Rebī'ü'l-āhir sene
                  1202"
zone_zy1_rnh_cjb,DSCN1757#zone_zy1_rnh_cjb,Rebi'ü'l-evvel sene 1198
zone_pv1_tnh_cjb,DSCN1757#zone_pv1_tnh_cjb,13 S sene 198
zone_rjg_wnh_cjb,DSCN1757#zone_rjg_wnh_cjb,1198
zone_cns_wx4_2kb,DSCN0312#zone_cns_wx4_2kb,sene 65
zone_ggq_cy4_2kb,DSCN0312#zone_ggq_cy4_2kb,1265
zone_w42_dxg_z3b,DSCN1018#zone_w42_dxg_z3b,1274
zone_fhc_fxg_z3b,DSCN1018#zone_fhc_fxg_z3b,
zone_z1x_rxn_2kb,DSCN0306#zone_z1x_rxn_2kb,9 B sene 74
zone_wgh_wxn_2kb,DSCN0306#zone_wgh_wxn_2kb,1273
zone_gr1_gmh_cjb,DSCN1756#zone_gr1_gmh_cjb,1116-03-21
zone_pvr_cs2_djb,DSCN1965#zone_pvr_cs2_djb,13 L sene 73
zone_pln_2s2_djb,DSCN1965#zone_pln_2s2_djb,2 ... sene 73
zone_t3m_hs2_djb,DSCN1965#zone_t3m_hs2_djb,1857
zone_ijp_m42_djb,DSCN1959#zone_ijp_m42_djb,16 R sene 218
zone_v5p_q42_djb,DSCN1959#zone_v5p_q42_djb,23 ... sene 218
zone_gb1_s42_djb,DSCN1959#zone_gb1_s42_djb,17 B sene 1218
zone_azy_lv5_2jb,DSCN0104#zone_azy_lv5_2jb,bin yüz sekisen altı senesinde
zone_mxh_nz1_x3b,DSCN0886#zone_mxh_nz1_x3b,Sene samān ve samāniyya ve miye ve alfin
zone_enx_rz1_x3b,DSCN0886#zone_enx_rz1_x3b,17 Ca 188
zone_qkj_5z1_x3b,DSCN0886#zone_qkj_5z1_x3b,1774
zone_a2v_s4w_2jb,DSCN0138#zone_a2v_s4w_2jb,iki yüz altmış altı senesinde
zone_udc_v4w_2jb,DSCN0138#zone_udc_v4w_2jb,1852
zone_xdt_5ty_y3b,DSCN0919#zone_xdt_5ty_y3b,"8 Rebī'ü'l-āhir sene
          1199"
zone_t13_wty_y3b,DSCN0919#zone_t13_wty_y3b,1785
zone_jpb_sl4_cjb,DSCN1811#zone_jpb_sl4_cjb,"fi'l-yevmi'l-hāmis min şehr Şaʿabānı'l-muʿazzam
sene hamıs ve hamsīn ve mieteyn ve elif"
zone_bbp_vl4_cjb,DSCN1811#zone_bbp_vl4_cjb,1839
zone_up3_c1q_cjb,DSCN1839#zone_up3_c1q_cjb,gürre-i Şaʿabānı'l-muʿazzam sene tisʿ ve semānīn ve mie ve elif
zone_o1g_f1q_cjb,DSCN1839#zone_o1g_f1q_cjb,
zone_vcb_z2j_cjb,DSCN1807#zone_vcb_z2j_cjb,1189-03
zone_gvz_ffj_cjb,DSCN1807#zone_gvz_ffj_cjb,
zone_ssd_xm4_cjb,DSCN1813#zone_ssd_xm4_cjb,şehr Rebi' evvel sene tisʿ ve semānīn ve mie ve elif
zone_mln_425_xjb,DSCN0264#zone_mln_425_xjb,21 L sene 1210
zone_acy_fxy_y3b,DSCN0927#zone_acy_fxy_y3b,
zone_dwd_zz3_cjb,DSCN1797#zone_dwd_zz3_cjb,
zone_ehg_d1j_cjb,DSCN1797#zone_ehg_d1j_cjb,
zone_ln2_v3n_2jb,DSCN8957#zone_ln2_v3n_2jb,"fi'l-yevmi'l-hāmis ʿaşar Zi'l-kaʿade sene sabʿ tisʿīn
ve mie ve elif"
zone_ps5_1jn_2jb,DSCN8957#zone_ps5_1jn_2jb,12. oktobar 1783
zone_ej1_h1z_djb,DSCN1967#zone_ej1_h1z_djb,"fi'l-yevmi'l-sābiʿ ʿaşrīn
şehr Cemaziye'l-āhir sene ahadī ve semānīn ve mie ve elif"
zone_klz_k1z_djb,DSCN1967#zone_klz_k1z_djb,1767
zone_yns_rv4_2kb,DSCN0310#zone_yns_rv4_2kb,2 L sene 263
zone_x4x_gw4_2kb,DSCN0310#zone_x4x_gw4_2kb,
zone_ahr_cc3_cjb,DSCN1768#zone_ahr_cc3_cjb,"fi'l-yevmi'l-hāmis ve ʿaşar
min māh Rebi'ü'l-evvel sene semān ve tisʿīn ve mie ve elif"
zone_pwz_2c3_cjb,DSCN1768#zone_pwz_2c3_cjb,8 R sene 198
zone_pnr_gc3_cjb,DSCN1768#zone_pnr_gc3_cjb,1784
zone_npj_wwn_2kb,DSCN0304#zone_npj_wwn_2kb,15 S sene 1266
zone_gkg_zwn_2kb,DSCN0304#zone_gkg_zwn_2kb,1849
zone_ckb_h3f_bjb,DSCN1741#zone_ckb_h3f_bjb,fi'l-yevmi'l-... min Zi'l-kaʿade sene isnā ve semānīn ve mie ve elif
zone_qxv_j3f_bjb,DSCN1741#zone_qxv_j3f_bjb,13 Marty 1769
zone_irt_3lh_cjb,DSCN1755#zone_irt_3lh_cjb,1076-12-21
zone_aj2_yt3_cjb,DSCN1782#zone_aj2_yt3_cjb,fi'l-yevmi'l-sābiʿ min şehr şerīf Recebi'l-... sene isnā ve sabʿīn ve mieteyn ve elif
zone_llj_g53_cjb,DSCN1782#zone_llj_g53_cjb,1856
zone_f2h_s1v_2jb,DSCN0107#zone_f2h_s1v_2jb,bin yüz doksan sekiz
zone_afl_v1v_2jb,DSCN0107#zone_afl_v1v_2jb,
zone_zkz_l2h_j3b,DSCN2076#zone_zkz_l2h_j3b,
zone_b1b_tdv_2jb,DSCN0113#zone_b1b_tdv_2jb,9 S sene 246
zone_jyq_wdv_2jb,DSCN0113#zone_jyq_wdv_2jb,
zone_blg_qcb_x3b,DSCN0891#zone_blg_qcb_x3b,
zone_x1c_wcb_x3b,DSCN0891#zone_x1c_wcb_x3b,1763
zone_pkn_tbv_l3b,DSCN0098#zone_pkn_tbv_l3b,7 Ş sene 1201
zone_hvm_rbv_l3b,DSCN0098#zone_hvm_rbv_l3b,
zone_ahd_kg5_xjb,DSCN0271#zone_ahd_kg5_xjb,
zone_lsl_2h5_xjb,DSCN0265#zone_lsl_2h5_xjb,bin yüz doksan altı senesinde
zone_bzz_mh5_xjb,DSCN0265#zone_bzz_mh5_xjb,1782
zone_t5h_bst_xjb,DSCN0259#zone_t5h_bst_xjb,10 Saferi'l-... sene 199
zone_sfm_vdw_cjb,DSCN1875#zone_sfm_vdw_cjb,"fi'l-yevmi'l-hāmis min şehr-i Şevvāl sene
tisʿ ve sabʿīn ve mie ve elif"
zone_o3q_c3q_cjb,DSCN1849#zone_o3q_c3q_cjb,"fi'l-yevmi'l-sābiʿ min şehr
Rebī'ü'l-āhir sene ahadā ve hamsīn ve mieteyn ve elif"
zone_ccz_pbk_kjb,DSCN0216#zone_ccz_pbk_kjb,bin iki yüz otuz senesinde
zone_z3p_vbk_kjb,DSCN0216#zone_z3p_vbk_kjb,1230
zone_rd5_4sw_j3b,DSCN2401#zone_rd5_4sw_j3b,feth hākānīden berü
zone_ebz_qgk_1jb,DSCN1646#zone_ebz_qgk_1jb,15 M 1201
zone_sd3_tgk_1jb,DSCN1646#zone_sd3_tgk_1jb,
zone_ez5_jpz_y3b,DSCN0955#zone_ez5_jpz_y3b,şehr Muharrem'l-harām min
zone_amc_spz_y3b,DSCN0955#zone_amc_spz_y3b,1855
zone_dhk_g1k_1jb,DSCN0955#zone_dhk_g1k_1jb,"şehr Muharrem'l-harām min
yevmi'l-tisʿ min sene ahadī ve sabʿīn ve mieteyn ve elif"
zone_tkx_l1k_1jb,DSCN0955#zone_tkx_l1k_1jb,1855
zone_ymg_vwf_z3b,DSCN0996#zone_ymg_vwf_z3b,
zone_k5q_wwf_z3b,DSCN0996#zone_k5q_wwf_z3b,22 M 19...
zone_dyq_zwf_z3b,DSCN0996#zone_dyq_zwf_z3b,1782 ... 22
zone_cxj_v4d_fjb,DSCN0160#zone_cxj_v4d_fjb,14 L sene 73
zone_lnj_y4d_fjb,DSCN0160#zone_lnj_y4d_fjb,1857
zone_cnn_hzz_djb,DSCN8931#zone_cnn_hzz_djb,el-sāmin ʿaşrīn fī Cemaziye'l-evvel ihdā salāsīn ve mie ve elif
zone_p3b_kzz_djb,DSCN8931#zone_p3b_kzz_djb,
zone_gyq_qhx_cjb,DSCN1915#zone_gyq_qhx_cjb,
zone_fy1_thx_cjb,DSCN1915#zone_fy1_thx_cjb,1843
zone_gbb_dhz_djb,DSCN8919#zone_gbb_dhz_djb,15 R sene 191
zone_tp2_ghz_djb,DSCN8919#zone_tp2_ghz_djb,1776
zone_xqd_hhz_djb,DSCN8919#zone_xqd_hhz_djb,23. maj 1777
zone_u3y_3rr_kkb,DSCN0362#zone_u3y_3rr_kkb,14 L sene 73
zone_ymh_4rr_kkb,DSCN0362#zone_ymh_4rr_kkb,1857
zone_e53_pbx_cjb,DSCN1900#zone_e53_pbx_cjb,1189-04-11
zone_zdk_5bx_cjb,DSCN1900#zone_zdk_5bx_cjb,1772
zone_jft_h5z_djb,DSCN8924#zone_jft_h5z_djb,23 Ş sene 1202
zone_ink_n5z_djb,DSCN8924#zone_ink_n5z_djb,29. maj 1788
zone_dkp_ygx_cjb,DSCN1914#zone_dkp_ygx_cjb,
zone_o33_qsw_2jb,DSCN0149#zone_o33_qsw_2jb,15 S sene 266
zone_gcm_5sw_2jb,DSCN0149#zone_gcm_5sw_2jb,1849
zone_zrj_bnm_3jb,DSCN0175#zone_zrj_bnm_3jb,bin iki yüz elli üç senesinde
zone_ntf_gnm_3jb,DSCN0175#zone_ntf_gnm_3jb,1253
zone_ykf_k2q_h3b,DSCN9192#zone_ykf_k2q_h3b,"9 Rebīülevvel sene 1288 sekisen sekiz
                  senesi"
zone_u5y_trj_1jb,DSCN0968#zone_u5y_trj_1jb,"fi'l-yevmi'l-sānī ve'l-ʿaşrūn min
            şehr Rebī'ü'l-āhir
sene isnā ve sabʿīn ve miyetein ve elif"
zone_n33_wrj_1jb,DSCN0968#zone_n33_wrj_1jb,
zone_crd_fnk_1jb,DSCN1653#zone_crd_fnk_1jb,
zone_wpn_5yj_kjb,DSCN0203#zone_wpn_5yj_kjb,bin iki yüz on üç senedinde
zone_g14_mzj_kjb,DSCN0203#zone_g14_mzj_kjb,1213
zone_rzn_5hq_cjb,DSCN1848#zone_rzn_5hq_cjb,
zone_hmk_msv_cjb,DSCN1860#zone_hmk_msv_cjb,24 Ra sene 1209
zone_gv3_psv_cjb,DSCN1860#zone_gv3_psv_cjb,1793
zone_rl1_3tv_cjb,DSCN1862#zone_rl1_3tv_cjb,1186-04-11
zone_gsh_ltv_cjb,DSCN1862#zone_gsh_ltv_cjb,29 R sene 186
zone_ymr_4tv_cjb,DSCN1862#zone_ymr_4tv_cjb,1772-24 ...
zone_ehw_bfy_1jb,DSCN1692#zone_ehw_bfy_1jb,"fi'l-yevmi'l-hādī ve'l-ʿaşrīn min
                  Şevvālı'l-kerām sene arbaʿ ve semānīn ve mieteyn ve elif"
zone_ngq_mfy_1jb,DSCN1692#zone_ngq_mfy_1jb,21 Şevvāl sene 84
zone_c1q_yfy_1jb,DSCN1692#zone_c1q_yfy_1jb,
zone_uqs_4xj_kjb,DSCN0201#zone_uqs_4xj_kjb,1839
zone_avb_rxj_kjb,DSCN0201#zone_avb_rxj_kjb,1839
zone_tch_w5w_cjb,DSCN1889#zone_tch_w5w_cjb, sene 12
zone_gc1_dvw_cjb,DSCN1889#zone_gc1_dvw_cjb,1880
zone_csg_jqt_3jb,DSCN0188#zone_csg_jqt_3jb,bin iki yüz yedi senesinde
zone_ejp_nqt_3jb,DSCN0188#zone_ejp_nqt_3jb,
zone_ukz_d4m_3jb,DSCN0177#zone_ukz_d4m_3jb,bin iki yüz krık senesinde
zone_ylq_j4m_3jb,DSCN0177#zone_ylq_j4m_3jb,1240
zone_rqd_jvz_djb,DSCN8926#zone_rqd_jvz_djb,1269-08-21
zone_rsg_lvz_djb,DSCN8926#zone_rsg_lvz_djb,
zone_y4f_nvz_djb,DSCN8926#zone_y4f_nvz_djb,30. maj - 7. juli 1853
zone_onn_rcx_cjb,DSCN1902#zone_onn_rcx_cjb,1869
zone_xvp_1nq_h3b,DSCN9345#zone_xvp_1nq_h3b,1223
zone_mmd_rlr_kkb,DSCN0348#zone_mmd_rlr_kkb,7 C sene 35
zone_n3g_wlr_kkb,DSCN0348#zone_n3g_wlr_kkb,1235
zone_gbf_3qr_kkb,DSCN0360#zone_gbf_3qr_kkb,5 N sene 265
zone_jzs_mqr_kkb,DSCN0360#zone_jzs_mqr_kkb,
zone_dtw_bj2_bjb,DSCN1718#zone_dtw_bj2_bjb,"fi'l-yevmi'l-rābīʿ min şehr Recebi'l-...
sene sabʿ ve sabʿīn ve mieteyn ve elif"
zone_em5_gj2_bjb,DSCN1718#zone_em5_gj2_bjb,1861
zone_wtq_mpd_fjb,DSCN0162#zone_wtq_mpd_fjb,20 Za sene 254
zone_cdp_tpd_fjb,DSCN0162#zone_cdp_tpd_fjb,1254
zone_uld_fhf_z3b,DSCN0980#zone_uld_fhf_z3b,fi'l-yevmi'l-hāmis ʿaşar min Şevvāl el-mükerrem sene ahadā ve miyetein ve elif
zone_gjg_1q3_1jb,DSCN0980#zone_gjg_1q3_1jb,"fi'l-yevmi'l-hāmis ʿaşar min Şevvāl el-mükerrem sene ahadā
            ve miyetein ve elif"
zone_hpz_cq3_1jb,DSCN0980#zone_hpz_cq3_1jb,
zone_j5b_zpf_z3b,DSCN0994#zone_j5b_zpf_z3b,L 54
zone_ky2_cqf_z3b,DSCN0994#zone_ky2_cqf_z3b,1838
zone_bzd_w1z_y3b,DSCN0943#zone_bzd_w1z_y3b,... 254
zone_xwb_1bz_y3b,DSCN0943#zone_xwb_1bz_y3b,
zone_m2f_bbz_y3b,DSCN0943#zone_m2f_bbz_y3b,
zone_ffp_xfk_1jb,DSCN1644#zone_ffp_xfk_1jb,2 L 1212
zone_hmg_zfk_1jb,DSCN1644#zone_hmg_zfk_1jb,23 Martu 1798
zone_mkt_xdk_kjb,DSCN0228#zone_mkt_xdk_kjb,22 R sene 256
zone_hqn_12k_kjb,DSCN0228#zone_hqn_12k_kjb,1256
zone_h51_nmk_1jb,DSCN1650#zone_h51_nmk_1jb,"şehr Receb sene sıls
ve hamsīn ve mieteyn ve elif"
zone_xfv_fby_1jb,DSCN1678#zone_xfv_fby_1jb,2 Ş sene 273
zone_qs4_3by_1jb,DSCN1678#zone_qs4_3by_1jb,1273
zone_w1m_hbk_kjb,DSCN0214#zone_w1m_hbk_kjb,sene 1214
zone_n3d_kbk_kjb,DSCN0214#zone_n3d_kbk_kjb,1214
zone_vrs_42w_cjb,DSCN1877#zone_vrs_42w_cjb,"fi'l-yevmi'l-hādī
min şehr Zi'l-kaʿade'l-şerīfe sene semān ve sılsīn ve mieteyn ve elif"
zone_kjd_v2w_cjb,DSCN1877#zone_kjd_v2w_cjb,5 Za sene 38
zone_sks_w2w_cjb,DSCN1877#zone_sks_w2w_cjb,
zone_cvn_nnk_1jb,DSCN1654#zone_cvn_nnk_1jb,8 Rebi'ü'l-evvel sene 1198
zone_lhj_qnk_1jb,DSCN1654#zone_lhj_qnk_1jb,
zone_nzs_p1k_kjb,DSCN0210#zone_nzs_p1k_kjb,sene 66
zone_ahv_r1k_kjb,DSCN0210#zone_ahv_r1k_kjb,1851
zone_uhb_14z_y3b,DSCN0953#zone_uhb_14z_y3b,fi'l-yevmi'l-hādī ve'l-ʿaşar min şehr Ramazāni'l-mubārek
zone_xss_d4z_y3b,DSCN0953#zone_xss_d4z_y3b,
zone_zn4_f4z_y3b,DSCN0953#zone_zn4_f4z_y3b,
zone_nnf_w2w_j3b,DSCN2188#zone_nnf_w2w_j3b,
zone_cnx_5bz_y3b,DSCN0947#zone_cnx_5bz_y3b,21 Rebīʿ'l-āhir sene 1287
zone_s2m_wbz_y3b,DSCN0947#zone_s2m_wbz_y3b,
zone_ktn_zbz_y3b,DSCN0947#zone_ktn_zbz_y3b,
zone_mcq_njf_z3b,DSCN0984#zone_mcq_njf_z3b,21 M 1181
zone_wsh_qjf_z3b,DSCN0984#zone_wsh_qjf_z3b,1767
zone_v4v_z43_1jb,DSCN0984#zone_v4v_z43_1jb,21 M 1181
zone_nwd_bp3_1jb,DSCN0984#zone_nwd_bp3_1jb,1767
zone_hq5_jzt_3jb,DSCN0199#zone_hq5_jzt_3jb,sene 246
zone_b2d_nzt_3jb,DSCN0199#zone_b2d_nzt_3jb,1832
zone_gdn_lhq_h3b,DSCN9195#zone_gdn_lhq_h3b,
zone_w1b_plm_3jb,DSCN0172#zone_w1b_plm_3jb,sene 1222
zone_dpt_tlm_3jb,DSCN0172#zone_dpt_tlm_3jb,1222
zone_h12_tg1_2jb,DSCN8937#zone_h12_tg1_2jb,1189-02-01
zone_bx3_zg1_2jb,DSCN8937#zone_bx3_zg1_2jb,3-12 aprila 1775
zone_txr_yn2_bjb,DSCN1734#zone_txr_yn2_bjb,11 sene 232
zone_p4g_c42_bjb,DSCN1734#zone_p4g_c42_bjb,1816
zone_lq4_pc2_bjb,DSCN1708#zone_lq4_pc2_bjb,10 Rebi'ü'l-evvel sene 86
zone_mkl_rc2_bjb,DSCN1708#zone_mkl_rc2_bjb,1869
zone_b4r_cgx_cjb,DSCN1912#zone_b4r_cgx_cjb,15 L sene 66
zone_bgl_ggx_cjb,DSCN1912#zone_bgl_ggx_cjb,1266
zone_txs_qdx_cjb,DSCN1906#zone_txs_qdx_cjb,fi'l-yevmi'l-sānī ve'l-ʿaşrīn min Muharremi'l-harām sene 1181
zone_o4r_sdx_cjb,DSCN1906#zone_o4r_sdx_cjb,1767
zone_rpx_grd_fjb,DSCN0167#zone_rpx_grd_fjb,bin iki yüz otuz üç senesinde
zone_vwd_krd_fjb,DSCN0167#zone_vwd_krd_fjb,1233
zone_h1l_lnf_z3b,DSCN0991#zone_h1l_lnf_z3b,... fī 18 Şevvāl el-mükerrem sene 1188
zone_vfv_tzj_kjb,DSCN0205#zone_vfv_tzj_kjb,7 C sene 35
zone_dgr_wzj_kjb,DSCN0205#zone_dgr_wzj_kjb,1235
zone_tk4_5fk_kjb,DSCN0239#zone_tk4_5fk_kjb,19 S sene 1221
zone_wkd_zfk_kjb,DSCN0239#zone_wkd_zfk_kjb,
zone_a4b_pcy_1jb,DSCN1680#zone_a4b_pcy_1jb,"fi'l-yevmi'l-hāmis
ve'l-ʿaşr min şehr Zi'l-kaʿade'l-şerīf sene suls ve sabʿīn ve mieteyn ve elif"
zone_rf2_5cy_1jb,DSCN1680#zone_rf2_5cy_1jb,1273
zone_v4t_24k_1jb,DSCN1657#zone_v4t_24k_1jb,sene 69
zone_ofw_c1k_kjb,DSCN0207#zone_ofw_c1k_kjb,7 Ca sene 1235
zone_xnj_h1k_kjb,DSCN0207#zone_xnj_h1k_kjb,1235
zone_wwy_rff_z3b,DSCN0978#zone_wwy_rff_z3b,1210-01-11
zone_exj_wff_z3b,DSCN0978#zone_exj_wff_z3b,
zone_cns_dr3_1jb,DSCN0978#zone_cns_dr3_1jb,"evāsit Muharrem el-harām sene ʿaşr ve miyetein
            ve elif"
zone_cth_gr3_1jb,DSCN0978#zone_cth_gr3_1jb,
zone_vdc_jkf_z3b,DSCN0987#zone_vdc_jkf_z3b,fi'l-yevmi'l-hāmis ʿaşar Zi'l-kaʿade sene sabʿ ve tisʿīn ve miye ve elif
zone_olg_3l3_1jb,DSCN0987#zone_olg_3l3_1jb,"fi'l-yevmi'l-hāmis ʿaşar Zi'l-kaʿade sene
                  sabʿ ve tisʿīn ve miye ve elif"
zone_l5b_cpf_z3b,DSCN0993#zone_l5b_cpf_z3b,19 L 1212
zone_imz_z13_j3b,DSCN2174#zone_imz_z13_j3b,9 Ra sene 245
zone_snf_lf1_2jb,DSCN8934#zone_snf_lf1_2jb,1830
zone_dvz_lf1_2jb,DSCN8934#zone_dvz_lf1_2jb,3.-12. juna 1830
zone_alf_1l2_bjb,DSCN1723#zone_alf_1l2_bjb,"fi'l-yevmi'l-... min şehr
Cemaziye'l-sānī sene
hamis ve sabʿīn ve mieteyn ve elif"
zone_imh_gl2_bjb,DSCN1723#zone_imh_gl2_bjb,
zone_alj_l1f_bjb,DSCN1736#zone_alj_l1f_bjb,3 Z 199
zone_kvh_1cf_bjb,DSCN1736#zone_kvh_1cf_bjb,
zone_uyy_gcf_bjb,DSCN1736#zone_uyy_gcf_bjb,3 Z 199
zone_nm5_mcf_bjb,DSCN1736#zone_nm5_mcf_bjb,1785
zone_zvz_43z_djb,DSCN8921#zone_zvz_43z_djb,
zone_wbb_s3z_djb,DSCN8921#zone_wbb_s3z_djb,6. oktobar 1770
zone_ubm_t3z_djb,DSCN8921#zone_ubm_t3z_djb,1771
zone_hg2_mfx_cjb,DSCN1911#zone_hg2_mfx_cjb,25 Z sene 266
zone_itl_4fx_cjb,DSCN1911#zone_itl_4fx_cjb,
zone_tkp_dvd_djb,DSCN1939#zone_tkp_dvd_djb,3 L sene 70
zone_vp3_gvd_djb,DSCN1939#zone_vp3_gvd_djb,
zone_gwg_kqd_fjb,DSCN0164#zone_gwg_kqd_fjb,23 sene 36
zone_s1q_mqd_fjb,DSCN0164#zone_s1q_mqd_fjb,1236
zone_ynl_c4d_fjb,DSCN0158#zone_ynl_c4d_fjb,6 R sene 72
zone_zmz_f4d_fjb,DSCN0158#zone_zmz_f4d_fjb,1856
zone_hs4_bfz_y3b,DSCN0951#zone_hs4_bfz_y3b,yevmi'l-hāmis ve'l-ʿaşrūn min ... Receb ... ve sene suls ve sabʿīn
zone_wl4_kfz_y3b,DSCN0951#zone_wl4_kfz_y3b,Redjer 1254
zone_qmj_x1k_kjb,DSCN0212#zone_qmj_x1k_kjb,sene 1229
zone_d4g_bbk_kjb,DSCN0212#zone_d4g_bbk_kjb,
zone_fyr_dsw_j3b,DSCN2363#zone_fyr_dsw_j3b,
zone_ckh_h2k_1jb,DSCN1642#zone_ckh_h2k_1jb,1182-08-21
zone_k5w_32k_1jb,DSCN1642#zone_k5w_32k_1jb,1769
zone_nk5_scw_cjb,DSCN1871#zone_nk5_scw_cjb,"11 min
Cemaziye'l-āhir sene 1212"
zone_m1w_wcw_cjb,DSCN1871#zone_m1w_wcw_cjb,1798
zone_ayl_svv_cjb,DSCN1865#zone_ayl_svv_cjb,iki yüz doksan yedi senesine
zone_xpk_xvv_cjb,DSCN1865#zone_xpk_xvv_cjb,
zone_gch_nrv_cjb,DSCN1859#zone_gch_nrv_cjb,18 Ra 1213
zone_mr3_qrv_cjb,DSCN1859#zone_mr3_qrv_cjb,
zone_i2j_rrv_cjb,DSCN1859#zone_i2j_rrv_cjb,
