prev,next,p
zone_sbt_drw_cjb,zone_rgj_krw_cjb,NEXT
zone_pd5_4fk_kjb,zone_vgf_rfk_kjb,NEXT
zone_a1q_rbx_1jb,zone_fls_5bx_1jb,NEXT
zone_fls_5bx_1jb,zone_bj5_wbx_1jb,NEXT
zone_bj5_wbx_1jb,zone_xfg_1cx_1jb,NEXT
zone_xfg_1cx_1jb,zone_imk_ccx_1jb,NEXT
zone_t1l_y53_1jb,zone_zbt_z53_1jb,NEXT
zone_zbq_2yt_3jb,zone_ygc_3yt_3jb,NEXT
zone_rck_ssm_3jb,zone_ojd_wsm_3jb,NEXT
zone_bt1_3nd_fjb,zone_pwd_jnd_fjb,NEXT
zone_pwd_jnd_fjb,zone_pns_lnd_fjb,NEXT
zone_a4h_4pw_2jb,zone_nnh_qpw_2jb,NEXT
zone_rgm_gsd_fjb,zone_jf3_lsd_fjb,NEXT
zone_bhh_4md_djb,zone_sbh_smd_djb,NEXT
zone_kbl_l2x_cjb,zone_qjz_n2x_cjb,NEXT
zone_zxb_g4r_kkb,zone_tqf_j4r_kkb,NEXT
zone_ody_mck_1jb,zone_ddj_tck_1jb,NEXT
zone_mqw_5sl_kkb,zone_eh3_ysl_kkb,NEXT
zone_yfl_l5x_cjb,zone_mzk_p5x_cjb,NEXT
zone_gq4_js1_qkb,zone_kty_ns1_qkb,NEXT
zone_qvx_25w_2jb,zone_b3x_g5w_2jb,NEXT
zone_ufg_g2f_z3b,zone_dxr_5t3_1jb,NEXT
zone_dxr_5t3_1jb,zone_aql_wt3_1jb,NEXT
zone_aql_wt3_1jb,zone_z3b_xt3_1jb,NEXT
zone_rsg_lrz_y3b,zone_uls_nrz_y3b,NEXT
zone_uls_nrz_y3b,zone_ydg_yyj_1jb,NEXT
zone_ydg_yyj_1jb,zone_a5c_1zj_1jb,NEXT
zone_a5c_1zj_1jb,zone_fcy_1zj_1jb,NEXT
zone_h1h_bdz_y3b,zone_tnj_2dz_y3b,NEXT
zone_r4k_zck_kjb,zone_lhw_bdk_kjb,NEXT
zone_ub4_h1w_cjb,zone_tmg_k1w_cjb,NEXT
zone_tmg_k1w_cjb,zone_gxx_l1w_cjb,NEXT
zone_gxx_l1w_cjb,zone_i2j_41w_cjb,NEXT
zone_cmm_xkq_cjb,zone_xfl_zkq_cjb,NEXT
zone_xfl_zkq_cjb,zone_unb_dlq_cjb,NEXT
zone_ddr_s1q_cjb,zone_b15_x1q_cjb,NEXT
zone_ngr_yry_1jb,zone_nj3_hsy_1jb,NEXT
zone_vjp_wnq_cjb,zone_mzg_znq_cjb,NEXT
zone_xht_rbq_cjb,zone_cjv_tbq_cjb,NEXT
zone_lsh_2pk_1jb,zone_uzh_2pk_1jb,NEXT
zone_uzh_2pk_1jb,zone_rzc_3pk_1jb,NEXT
zone_abs_mck_kjb,zone_dtl_pck_kjb,NEXT
zone_x1f_zyw_1jb,zone_qnz_2zw_1jb,NEXT
zone_qnz_2zw_1jb,zone_lkk_k1x_1jb,NEXT
zone_g3k_snd_djb,zone_gd3_xpd_djb,NEXT
zone_jk4_r1f_pkb,zone_ey2_z1f_pkb,NEXT
zone_qt2_kqw_2jb,zone_wj1_4qw_2jb,NEXT
zone_gkq_mvt_3jb,zone_hhc_fwt_3jb,NEXT
zone_upd_1mf_z3b,zone_tbt_2mf_z3b,NEXT
zone_tbt_2mf_z3b,zone_cm2_rj3_1jb,NEXT
zone_cm2_rj3_1jb,zone_izf_vj3_1jb,NEXT
zone_jh2_r2f_z3b,zone_xbx_s2f_z3b,NEXT
zone_xbx_s2f_z3b,zone_kqh_bs3_1jb,NEXT
zone_kqh_bs3_1jb,zone_zcd_ds3_1jb,NEXT
zone_zcd_ds3_1jb,zone_kqn_2s3_1jb,NEXT
zone_iy3_1bx_1jb,zone_mpy_cbx_1jb,NEXT
zone_wbh_vgq_cjb,zone_f4l_zgq_cjb,NEXT
zone_jhv_4ww_cjb,zone_u3j_vww_cjb,NEXT
zone_fny_jsw_cjb,zone_icg_4sw_cjb,NEXT
zone_icg_4sw_cjb,zone_wcd_psw_cjb,NEXT
zone_nsq_fdf_z3b,zone_xsv_3df_z3b,NEXT
zone_xsv_3df_z3b,zone_qsq_jdf_z3b,NEXT
zone_qsq_jdf_z3b,zone_ggj_fpj_1jb,NEXT
zone_ggj_fpj_1jb,zone_ik2_hpj_1jb,NEXT
zone_ik2_hpj_1jb,zone_m4b_3pj_1jb,NEXT
zone_b4x_3tz_y3b ,zone_j2r_ltz_y3b ,NEXT
zone_cw1_5tm_3jb,zone_uj2_ytm_3jb,NEXT
zone_bkv_zst_3jb,zone_g4c_ftt_3jb,NEXT
zone_bw1_xrw_2jb,zone_edj_1sw_2jb,NEXT
zone_jp1_rld_djb,zone_ftp_tld_djb,NEXT
zone_zrh_5ty_1jb,zone_i5l_h5y_1jb,NEXT
zone_hky_z3f_pkb,zone_mps_2jf_pkb,NEXT
zone_v44_wmr_kkb,zone_dwb_cnr_kkb,NEXT
zone_jxq_lm2_bjb,zone_zsl_sm2_bjb,NEXT
zone_zsl_sm2_bjb,zone_rjp_tm2_bjb,NEXT
zone_vg2_k3r_kkb,zone_dwg_r3r_kkb,NEXT
zone_e4t_kgz_djb,zone_rrp_ngz_djb,NEXT
zone_xfn_rw1_qkb,zone_xjk_cx1_qkb,NEXT
zone_hym_rzf_z3b,zone_tlb_vzf_z3b,NEXT
zone_y1d_3dk_kjb,zone_d5r_ldk_kjb,NEXT
zone_tzd_fjk_1jb,zone_atp_5jk_1jb,NEXT
zone_atp_5jk_1jb,zone_oln_vjk_1jb,NEXT
zone_oln_vjk_1jb,zone_zc2_2lk_1jb,NEXT
zone_zc2_2lk_1jb,zone_rbq_clk_1jb,NEXT
zone_pt3_f2k_kjb,zone_ev4_32k_kjb,NEXT
zone_bll_1ck_kjb,zone_wg4_2ck_kjb,NEXT
zone_rpr_fkq_cjb,zone_d23_3kq_cjb,NEXT
zone_i3p_bgw_cjb,zone_plt_dgw_cjb,NEXT
zone_igv_z3q_cjb,zone_ryj_2jq_cjb,NEXT
zone_ryj_2jq_cjb,zone_bxx_cjq_cjb,NEXT
zone_zxd_d2x_1jb,zone_ahc_n2x_1jb,NEXT
zone_tyr_pdk_kjb,zone_d5t_sdk_kjb,NEXT
zone_pmm_42k_kjb,zone_sjl_52k_kjb,NEXT
zone_lht_dyz_djb,zone_d2y_hyz_djb,NEXT
zone_lcl_rtx_cjb,zone_zm1_ttx_cjb,NEXT
zone_gsl_my1_qkb,zone_lt4_ny1_qkb,NEXT
zone_pkd_qvx_cjb,zone_ntq_vvx_cjb,NEXT
zone_ulj_4kr_kkb,zone_ccs_rkr_kkb,NEXT
zone_srh_mbk_1jb,zone_mm1_pbk_1jb,NEXT
zone_yts_1kd_djb,zone_bpf_ckd_djb,NEXT
zone_nsd_dfz_djb,zone_qn4_gfz_djb,NEXT
zone_qn4_gfz_djb,zone_azq_hfz_djb,NEXT
zone_xxm_gxz_djb,zone_b4d_kxz_djb,NEXT
zone_uth_2rw_2jb,zone_qjm_grw_2jb,NEXT
zone_ohn_htw_2jb,zone_fs5_ltw_2jb,NEXT
zone_wdy_qpm_3jb,zone_hcg_2qm_3jb,NEXT
zone_hgd_pvm_3jb,zone_dvy_rvm_3jb,NEXT
zone_ary_d5t_3jb,zone_b1k_h5t_3jb,NEXT
zone_ist_scf_z3b,zone_ryq_5cf_z3b,NEXT
zone_ryq_5cf_z3b,zone_vnb_2qj_1jb,NEXT
zone_nh1_jsz_y3b,zone_j3c_lsz_y3b,NEXT
zone_j3c_lsz_y3b,zone_pvb_ktj_1jb,NEXT
zone_pvb_ktj_1jb,zone_mh1_mtj_1jb,NEXT
zone_mh1_mtj_1jb,zone_wvn_mtj_1jb,NEXT
zone_e1v_fxw_cjb,zone_y4z_xxw_cjb,NEXT
zone_vhn_mtw_cjb,zone_ufk_rtw_cjb,NEXT
zone_ufk_rtw_cjb,zone_k2d_ttw_cjb,NEXT
zone_h4s_f2y_1jb,zone_wkz_32y_1jb,NEXT
zone_ykg_hcq_cjb,zone_ilt_jcq_cjb,NEXT
zone_ilt_jcq_cjb,zone_zdj_lcq_cjb,NEXT
zone_zdj_lcq_cjb,zone_v11_ncq_cjb,NEXT
zone_v11_ncq_cjb,zone_r2q_4cq_cjb,NEXT
zone_r2q_4cq_cjb,zone_gs5_rcq_cjb,NEXT
zone_c5m_vnw_2jb,zone_hm4_b4w_2jb,NEXT
zone_fzn_k3v_2jb,zone_tkg_n3v_2jb,NEXT
zone_vmf_km2_djb,zone_g42_5m2_djb,NEXT
zone_g42_5m2_djb,zone_rp5_wm2_djb,NEXT
zone_yhp_f2p_2kb,zone_r3y_k2p_2kb,NEXT
zone_kjj_kr4_2kb,zone_zvr_pr4_2kb,NEXT
zone_tsf_2rh_cjb,zone_otc_3rh_cjb,NEXT
zone_ejn_fcg_z3b,zone_c1n_3cg_z3b,NEXT
zone_vpd_x4h_cjb,zone_bhr_y4h_cjb,NEXT
zone_vcv_5p5_2jb,zone_j3y_cq5_2jb,NEXT
zone_j3y_cq5_2jb,zone_wry_dq5_2jb,NEXT
zone_iwc_wgh_skb,zone_rn4_1hh_skb,NEXT
zone_pqf_tfy_y3b,zone_gh1_wfy_y3b,NEXT
zone_g44_mt5_l3b,zone_sg2_rt5_l3b,NEXT
zone_dmf_c25_xjb,zone_hy4_j25_xjb,NEXT
zone_uym_dgk_kjb,zone_pjz_ggk_kjb,NEXT
zone_x3x_z4s_yjb,zone_rdr_hps_yjb,NEXT
zone_vpr_w35_xjb,zone_stk_z35_xjb,NEXT
zone_gfq_gwp_cjb,zone_vjj_jwp_cjb,NEXT
zone_m4j_3t4_cjb,zone_hk2_mt4_cjb,NEXT
zone_ixl_grt_xjb,zone_t5x_jrt_xjb,NEXT
zone_c3s_ngk_kjb,zone_zht_qgk_kjb,NEXT
zone_vty_1y5_l3b,zone_vcp_cy5_l3b,NEXT
zone_rbd_mfz_k3b,zone_gf4_4fz_k3b,NEXT
zone_nxm_5bv_2jb,zone_ml2_xbv_2jb,NEXT
zone_w2r_dfp_2kb,zone_nqx_jfp_2kb,NEXT
zone_zjd_2bg_z3b,zone_ajb_gbg_z3b,NEXT
zone_ajb_gbg_z3b,zone_mnn_3bg_z3b,NEXT
zone_cpp_3vg_z3b,zone_xwm_lvg_z3b,NEXT
zone_mvl_k23_cjb,zone_wmd_n23_cjb,NEXT
zone_wmd_n23_cjb,zone_pgr_423_cjb,NEXT
zone_w2g_w13_cjb,zone_zbr_bb3_cjb,NEXT
zone_txh_qrl_kkb,zone_cb5_5rl_kkb,NEXT
zone_m12_4l2_djb,zone_qwp_pl2_djb,NEXT
zone_qwp_pl2_djb,zone_pzm_rl2_djb,NEXT
zone_pzm_rl2_djb,zone_jtw_sl2_djb,NEXT
zone_jtw_sl2_djb,zone_tmr_tl2_djb,NEXT
zone_ns5_svd_djb,zone_bbc_vvd_djb,NEXT
zone_kws_c5h_j3b,zone_j2w_j5h_j3b,NEXT
zone_j2w_j5h_j3b,zone_c1s_m5h_j3b,NEXT
zone_c1s_m5h_j3b,zone_frm_n5h_j3b,NEXT
zone_wrw_bks_yjb,zone_yb1_gks_yjb,NEXT
zone_npd_mkn_2jb,zone_vdw_skn_2jb,NEXT
zone_vdw_skn_2jb,zone_hhs_jkn_2jb,NEXT
zone_dy3_q12_djb,zone_z42_512_djb,NEXT
zone_gqd_1x3_cjb,zone_fxf_bx3_cjb,NEXT
zone_fxf_bx3_cjb,zone_grs_fx3_cjb,NEXT
zone_grs_fx3_cjb,zone_tz1_2x3_cjb,NEXT
zone_fn1_cqh_cjb,zone_bk3_2qh_cjb,NEXT
zone_bk3_2qh_cjb,zone_lx1_mqh_cjb,NEXT
zone_czc_333_cjb,zone_vl5_k33_cjb,NEXT
zone_vl5_k33_cjb,zone_ovm_n33_cjb,NEXT
zone_hvg_4tg_z3b,zone_vhq_qtg_z3b,NEXT
zone_bmx_lqg_z3b,zone_ahk_pqg_z3b,NEXT
zone_prc_jxd_djb,zone_k4p_mxd_djb,NEXT
zone_sgy_1q1_2jb,zone_sq1_kp1_2jb,NEXT
zone_sq1_kp1_2jb,zone_hlb_gq1_2jb,NEXT
zone_y2m_54v_2jb,zone_emk_1pv_2jb,NEXT
zone_nhk_kmv_2jb,zone_ytn_4mv_2jb,NEXT
zone_ytn_4mv_2jb,zone_jtz_rmv_2jb,NEXT
zone_n3c_32z_k3b,zone_sbx_k2z_k3b,NEXT
zone_srj_xmz_k3b,zone_fdr_zmz_k3b,NEXT
zone_gtr_hp5_l3b,zone_g2l_jp5_l3b,NEXT
zone_g2l_jp5_l3b,zone_mjl_kp5_l3b,NEXT
zone_umg_3pt_xjb,zone_fdk_mpt_xjb,NEXT
zone_r3b_rqt_xjb,zone_pq1_5qt_xjb,NEXT
zone_hbc_g54_cjb,zone_zdw_tv4_cjb,NEXT
zone_zdw_tv4_cjb,zone_db2_vv4_cjb,NEXT
zone_db2_vv4_cjb,zone_x3v_wv4_cjb,NEXT
zone_x3v_wv4_cjb,zone_zpn_zv4_cjb,NEXT
zone_zpn_zv4_cjb,zone_fqj_bw4_cjb,NEXT
zone_fqj_bw4_cjb,zone_czw_cw4_cjb,NEXT
zone_czw_cw4_cjb,zone_dgb_fw4_cjb,NEXT
zone_dgb_fw4_cjb,zone_ezq_hw4_cjb,NEXT
zone_ezq_hw4_cjb,zone_ubz_jw4_cjb,NEXT
zone_ubz_jw4_cjb,zone_vz3_lw4_cjb,NEXT
zone_vz3_lw4_cjb,zone_cwy_mw4_cjb,NEXT
zone_cwy_mw4_cjb,zone_mmy_4w4_cjb,NEXT
zone_hqd_435_xjb,zone_tk1_r35_xjb,NEXT
zone_ox3_vsp_cjb,zone_usb_1tp_cjb,NEXT
zone_ers_ds4_cjb,zone_urn_js4_cjb,NEXT
zone_urn_js4_cjb,zone_kg2_ls4_cjb,NEXT
zone_p5j_hf5_xjb,zone_tk3_lf5_xjb,NEXT
zone_zqv_gqt_xjb,zone_rs5_kqt_xjb,NEXT
zone_g2z_vjz_k3b,zone_jld_yjz_k3b,NEXT
zone_old_sdm_l3b,zone_ys4_tdm_l3b,NEXT
zone_ngn_crv_2jb,zone_phv_frv_2jb,NEXT
zone_klr_xk3_x3b,zone_sz3_1l3_x3b,NEXT
zone_sz3_1l3_x3b,zone_xmj_vk3_x3b,NEXT
zone_xmj_vk3_x3b,zone_n5h_2l3_x3b,NEXT
zone_c4b_2h3_cjb,zone_wtw_hh3_cjb,NEXT
zone_dqz_ncp_2kb,zone_jwz_pcp_2kb,NEXT
zone_bvv_wk2_djb,zone_b3s_xk2_djb,NEXT
zone_b3s_xk2_djb,zone_oxq_zk2_djb,NEXT
zone_bq2_f4y_y3b,zone_kxy_g4y_y3b,NEXT
zone_ojb_s44_cjb,zone_c4h_bp4_cjb,NEXT
zone_c4h_bp4_cjb,zone_w1d_cp4_cjb,NEXT
zone_q3w_xst_xjb,zone_lmk_btt_xjb,NEXT
zone_bw2_yh5_xjb,zone_fgx_135_xjb,NEXT
zone_glw_zpt_xjb,zone_byj_cqt_xjb,NEXT
zone_lm4_cs5_2jb,zone_lf3_fs5_2jb,NEXT
zone_e4w_hbz_k3b,zone_uth_lbz_k3b,NEXT
zone_zjz_1fv_2jb,zone_qbj_dfv_2jb,NEXT
zone_cwx_5k1_2jb,zone_hdh_wk1_2jb,NEXT
zone_hdh_wk1_2jb,zone_cfy_yk1_2jb,NEXT
zone_c2b_pv3_cjb,zone_lc3_qv3_cjb,NEXT
zone_lc3_qv3_cjb,zone_m3b_vv3_cjb,NEXT
zone_m3b_vv3_cjb,zone_f4w_sv3_cjb,NEXT
zone_f4w_sv3_cjb,zone_i4t_vv3_cjb,NEXT
zone_mz2_z4l_kkb,zone_ojq_2pl_kkb,NEXT
zone_wyx_ygh_cjb,zone_n4q_jhh_cjb,NEXT
zone_pgr_t1n_2kb,zone_sr4_x1n_2kb,NEXT
zone_bkw_jz4_2kb,zone_vtl_pz4_2kb,NEXT
zone_ztb_ny3_cjb,zone_skp_ty3_cjb,NEXT
zone_h2t_1r2_djb,zone_zdn_fr2_djb,NEXT
zone_cwx_rt1_2jb,zone_phx_yt1_2jb,NEXT
zone_vft_n55_2jb,zone_g4z_q55_2jb,NEXT
zone_dqx_3t5_xjb,zone_pzw_rt5_xjb,NEXT
zone_vsy_2ly_y3b,zone_f1h_mly_y3b,NEXT
zone_x2h_4t5_2jb,zone_wx1_rt5_2jb,NEXT
zone_nxl_t34_c3b,zone_pwq_xj3_x3b,NEXT
zone_zx1_4q2_djb,zone_tq5_pq2_djb,NEXT
zone_nkv_lzd_djb,zone_wl5_mzd_djb,NEXT
zone_wl5_mzd_djb,zone_lky_4zd_djb,NEXT
zone_fj4_5cn_2kb,zone_kw5_cdn_2kb,NEXT
zone_zdg_fbp_2kb,zone_o4c_qbp_2kb,NEXT
zone_ld5_1fh_cjb,zone_vxk_cfh_cjb,NEXT
zone_hfc_13h_cjb,zone_xyw_d3h_cjb,NEXT
zone_xyw_d3h_cjb,zone_zfd_f3h_cjb,NEXT
zone_zzp_yyd_djb,zone_w5f_1zd_djb,NEXT
zone_tbs_kj1_2jb,zone_kgr_4j1_2jb,NEXT
zone_w5s_znv_2jb,zone_j1n_d4v_2jb,NEXT
zone_xlp_h2v_2jb,zone_krf_k2v_2jb,NEXT
zone_ljv_s25_xjb,zone_iqz_v25_xjb,NEXT
zone_srk_t1j_cjb,zone_whw_y1j_cjb,NEXT
zone_whw_y1j_cjb,zone_ugb_cbj_cjb,NEXT
zone_e4d_g2j_cjb,zone_ekd_k2j_cjb,NEXT
zone_knk_1f5_xjb,zone_dyd_df5_xjb,NEXT
zone_vlw_f35_xjb,zone_fgg_335_xjb,NEXT
zone_rrm_gwy_y3b,zone_ddh_3wy_y3b,NEXT
zone_ogh_2w5_2jb,zone_mrg_3w5_2jb,NEXT
zone_mw5_pcv_2jb,zone_ydd_5cv_2jb,NEXT
zone_ydd_5cv_2jb,zone_jhd_vcv_2jb,NEXT
zone_rsh_2k3_cjb,zone_irc_hk3_cjb,NEXT
zone_qm3_d31_2jb,zone_pry_231_2jb,NEXT
zone_pry_231_2jb,zone_swm_h31_2jb,NEXT
zone_zy1_rnh_cjb,zone_pv1_tnh_cjb,NEXT
zone_pv1_tnh_cjb,zone_rjg_wnh_cjb,NEXT
zone_cns_wx4_2kb,zone_ggq_cy4_2kb,NEXT
zone_w42_dxg_z3b,zone_fhc_fxg_z3b,NEXT
zone_z1x_rxn_2kb,zone_wgh_wxn_2kb,NEXT
zone_pvr_cs2_djb,zone_pln_2s2_djb,NEXT
zone_pln_2s2_djb,zone_t3m_hs2_djb,NEXT
zone_ijp_m42_djb,zone_v5p_q42_djb,NEXT
zone_v5p_q42_djb,zone_gb1_s42_djb,NEXT
zone_mxh_nz1_x3b,zone_enx_rz1_x3b,NEXT
zone_enx_rz1_x3b,zone_qkj_5z1_x3b,NEXT
zone_a2v_s4w_2jb,zone_udc_v4w_2jb,NEXT
zone_xdt_5ty_y3b,zone_t13_wty_y3b,NEXT
zone_jpb_sl4_cjb,zone_bbp_vl4_cjb,NEXT
zone_up3_c1q_cjb,zone_o1g_f1q_cjb,NEXT
zone_vcb_z2j_cjb,zone_gvz_ffj_cjb,NEXT
zone_dwd_zz3_cjb,zone_ehg_d1j_cjb,NEXT
zone_ln2_v3n_2jb,zone_ps5_1jn_2jb,NEXT
zone_ej1_h1z_djb,zone_klz_k1z_djb,NEXT
zone_yns_rv4_2kb,zone_x4x_gw4_2kb,NEXT
zone_ahr_cc3_cjb,zone_pwz_2c3_cjb,NEXT
zone_pwz_2c3_cjb,zone_pnr_gc3_cjb,NEXT
zone_npj_wwn_2kb,zone_gkg_zwn_2kb,NEXT
zone_ckb_h3f_bjb,zone_qxv_j3f_bjb,NEXT
zone_aj2_yt3_cjb,zone_llj_g53_cjb,NEXT
zone_f2h_s1v_2jb,zone_afl_v1v_2jb,NEXT
zone_b1b_tdv_2jb,zone_jyq_wdv_2jb,NEXT
zone_blg_qcb_x3b,zone_x1c_wcb_x3b,NEXT
zone_pkn_tbv_l3b,zone_hvm_rbv_l3b,NEXT
zone_lsl_2h5_xjb,zone_bzz_mh5_xjb,NEXT
zone_ccz_pbk_kjb,zone_z3p_vbk_kjb,NEXT
zone_ebz_qgk_1jb,zone_sd3_tgk_1jb,NEXT
zone_ez5_jpz_y3b,zone_amc_spz_y3b,NEXT
zone_amc_spz_y3b,zone_dhk_g1k_1jb,NEXT
zone_dhk_g1k_1jb,zone_tkx_l1k_1jb,NEXT
zone_ymg_vwf_z3b,zone_k5q_wwf_z3b,NEXT
zone_k5q_wwf_z3b,zone_dyq_zwf_z3b,NEXT
zone_cxj_v4d_fjb,zone_lnj_y4d_fjb,NEXT
zone_cnn_hzz_djb,zone_p3b_kzz_djb,NEXT
zone_gyq_qhx_cjb,zone_fy1_thx_cjb,NEXT
zone_gbb_dhz_djb,zone_tp2_ghz_djb,NEXT
zone_tp2_ghz_djb,zone_xqd_hhz_djb,NEXT
zone_gs2_bwg_skb,zone_bz1_jwg_skb,NEXT
zone_u3y_3rr_kkb,zone_ymh_4rr_kkb,NEXT
zone_ezj_rj3_qkb,zone_lqc_1l3_qkb,NEXT
zone_usv_nhf_pkb,zone_cjy_shf_pkb,NEXT
zone_e53_pbx_cjb,zone_zdk_5bx_cjb,NEXT
zone_jft_h5z_djb,zone_ink_n5z_djb,NEXT
zone_o33_qsw_2jb,zone_gcm_5sw_2jb,NEXT
zone_zrj_bnm_3jb,zone_ntf_gnm_3jb,NEXT
zone_u5y_trj_1jb,zone_n33_wrj_1jb,NEXT
zone_wpn_5yj_kjb,zone_g14_mzj_kjb,NEXT
zone_hmk_msv_cjb,zone_gv3_psv_cjb,NEXT
zone_rl1_3tv_cjb,zone_gsh_ltv_cjb,NEXT
zone_gsh_ltv_cjb,zone_ymr_4tv_cjb,NEXT
zone_ehw_bfy_1jb,zone_ngq_mfy_1jb,NEXT
zone_ngq_mfy_1jb,zone_c1q_yfy_1jb,NEXT
zone_uqs_4xj_kjb,zone_avb_rxj_kjb,NEXT
zone_tch_w5w_cjb,zone_gc1_dvw_cjb,NEXT
zone_csg_jqt_3jb,zone_ejp_nqt_3jb,NEXT
zone_ukz_d4m_3jb,zone_ylq_j4m_3jb,NEXT
zone_rqd_jvz_djb,zone_rsg_lvz_djb,NEXT
zone_rsg_lvz_djb,zone_y4f_nvz_djb,NEXT
zone_xnt_5ff_pkb,zone_k1r_zff_pkb,NEXT
zone_mmd_rlr_kkb,zone_n3g_wlr_kkb,NEXT
zone_gbf_3qr_kkb,zone_jzs_mqr_kkb,NEXT
zone_dtw_bj2_bjb,zone_em5_gj2_bjb,NEXT
zone_wtq_mpd_fjb,zone_cdp_tpd_fjb,NEXT
zone_uld_fhf_z3b,zone_gjg_1q3_1jb,NEXT
zone_gjg_1q3_1jb,zone_hpz_cq3_1jb,NEXT
zone_j5b_zpf_z3b,zone_ky2_cqf_z3b,NEXT
zone_bzd_w1z_y3b,zone_xwb_1bz_y3b,NEXT
zone_xwb_1bz_y3b,zone_m2f_bbz_y3b,NEXT
zone_ffp_xfk_1jb,zone_hmg_zfk_1jb,NEXT
zone_mkt_xdk_kjb,zone_hqn_12k_kjb,NEXT
zone_xfv_fby_1jb,zone_qs4_3by_1jb,NEXT
zone_w1m_hbk_kjb,zone_n3d_kbk_kjb,NEXT
zone_vrs_42w_cjb,zone_kjd_v2w_cjb,NEXT
zone_kjd_v2w_cjb,zone_sks_w2w_cjb,NEXT
zone_cvn_nnk_1jb,zone_lhj_qnk_1jb,NEXT
zone_nzs_p1k_kjb,zone_ahv_r1k_kjb,NEXT
zone_uhb_14z_y3b,zone_xss_d4z_y3b,NEXT
zone_xss_d4z_y3b,zone_zn4_f4z_y3b,NEXT
zone_cnx_5bz_y3b,zone_s2m_wbz_y3b,NEXT
zone_s2m_wbz_y3b,zone_ktn_zbz_y3b,NEXT
zone_mcq_njf_z3b,zone_wsh_qjf_z3b,NEXT
zone_wsh_qjf_z3b,zone_v4v_z43_1jb,NEXT
zone_v4v_z43_1jb,zone_nwd_bp3_1jb,NEXT
zone_hq5_jzt_3jb,zone_b2d_nzt_3jb,NEXT
zone_w1b_plm_3jb,zone_dpt_tlm_3jb,NEXT
zone_h12_tg1_2jb,zone_bx3_zg1_2jb,NEXT
zone_txr_yn2_bjb,zone_p4g_c42_bjb,NEXT
zone_cys_qv2_pkb,zone_hrn_5v2_pkb,NEXT
zone_lq4_pc2_bjb,zone_mkl_rc2_bjb,NEXT
zone_az5_ldf_pkb,zone_v1l_4df_pkb,NEXT
zone_v1l_4df_pkb,zone_vmb_12f_pkb,NEXT
zone_b4r_cgx_cjb,zone_bgl_ggx_cjb,NEXT
zone_txs_qdx_cjb,zone_o4r_sdx_cjb,NEXT
zone_rpx_grd_fjb,zone_vwd_krd_fjb,NEXT
zone_vfv_tzj_kjb,zone_dgr_wzj_kjb,NEXT
zone_tk4_5fk_kjb,zone_wkd_zfk_kjb,NEXT
zone_a4b_pcy_1jb,zone_rf2_5cy_1jb,NEXT
zone_ofw_c1k_kjb,zone_xnj_h1k_kjb,NEXT
zone_wwy_rff_z3b,zone_exj_wff_z3b,NEXT
zone_exj_wff_z3b,zone_cns_dr3_1jb,NEXT
zone_cns_dr3_1jb,zone_cth_gr3_1jb,NEXT
zone_vdc_jkf_z3b,zone_olg_3l3_1jb,NEXT
zone_snf_lf1_2jb,zone_dvz_lf1_2jb,NEXT
zone_alf_1l2_bjb,zone_imh_gl2_bjb,NEXT
zone_adp_vzg_skb,zone_gyd_xzg_skb,NEXT
zone_fqn_fx2_pkb,zone_kkk_nx2_pkb,NEXT
zone_alj_l1f_bjb,zone_kvh_1cf_bjb,NEXT
zone_kvh_1cf_bjb,zone_uyy_gcf_bjb,NEXT
zone_uyy_gcf_bjb,zone_nm5_mcf_bjb,NEXT
zone_zvz_43z_djb,zone_wbb_s3z_djb,NEXT
zone_wbb_s3z_djb,zone_ubm_t3z_djb,NEXT
zone_hg2_mfx_cjb,zone_itl_4fx_cjb,NEXT
zone_tkp_dvd_djb,zone_vp3_gvd_djb,NEXT
zone_gwg_kqd_fjb,zone_s1q_mqd_fjb,NEXT
zone_ynl_c4d_fjb,zone_zmz_f4d_fjb,NEXT
zone_hs4_bfz_y3b,zone_wl4_kfz_y3b,NEXT
zone_qmj_x1k_kjb,zone_d4g_bbk_kjb,NEXT
zone_ckh_h2k_1jb,zone_k5w_32k_1jb,NEXT
zone_nk5_scw_cjb,zone_m1w_wcw_cjb,NEXT
zone_ayl_svv_cjb,zone_xpk_xvv_cjb,NEXT
zone_gch_nrv_cjb,zone_mr3_qrv_cjb,NEXT
zone_mr3_qrv_cjb,zone_i2j_rrv_cjb,NEXT
