Identifier,rotate
DSCN0885.JPG,0
DSCN0886.JPG,90
DSCN0887.JPG,270
DSCN0888.JPG,270
DSCN0890.JPG,0
DSCN0891.JPG,90
DSCN0892.JPG,0
DSCN0893.JPG,0
DSCN0894.JPG,270
DSCN0895.JPG,90
DSCN0896.JPG,90
DSCN0897.JPG,0
DSCN0898.JPG,90
DSCN0899.JPG,90
DSCN0900.JPG,0
DSCN0901.JPG,0
DSCN0902.JPG,0
DSCN0903.JPG,0
DSCN0904.JPG,270
DSCN0905.JPG,90
DSCN0906.JPG,0
DSCN0907.JPG,90
DSCN0908.JPG,0
DSCN0909.JPG,90
DSCN0910.JPG,90
DSCN0911.JPG,90
DSCN0912.JPG,270
DSCN0913.JPG,90
DSCN0914.JPG,90
DSCN0915.JPG,90
DSCN0916.JPG,90
DSCN0917.JPG,90
DSCN0918.JPG,90
DSCN0919.JPG,90
DSCN0920.JPG,0
DSCN0921.JPG,90
DSCN0922.JPG,0
DSCN0923.JPG,270
DSCN0924.JPG,90
DSCN0925.JPG,0
DSCN0926.JPG,0
DSCN0927.JPG,90
DSCN0928.JPG,0
DSCN0929.JPG,0
DSCN0930.JPG,90
DSCN0931.JPG,0
DSCN0932.JPG,0
DSCN0934.JPG,90
DSCN0935.JPG,0
DSCN0936.JPG,0
DSCN0937.JPG,90
DSCN0938.JPG,0
DSCN0939.JPG,90
DSCN0940.JPG,90
DSCN0941.JPG,90
DSCN0942.JPG,90
DSCN0943.JPG,90
DSCN0944.JPG,0
DSCN0945.JPG,0
DSCN0947.JPG,90
DSCN0948.JPG,90
DSCN0949.JPG,90
DSCN0950.JPG,0
DSCN0951.JPG,90
DSCN0952.JPG,0
DSCN0953.JPG,90
DSCN0954.JPG,0
DSCN0955.JPG,90
DSCN0956.JPG,0
DSCN0957.JPG,0
DSCN0958.JPG,0
DSCN0959.JPG,0
DSCN0960.JPG,90
DSCN0961.JPG,90
DSCN0962.JPG,0
DSCN0963.JPG,90
DSCN0964.JPG,90
DSCN0965.JPG,0
DSCN0966.JPG,90
DSCN0967.JPG,0
DSCN0968.JPG,90
DSCN0969.JPG,0
DSCN0970.JPG,90
DSCN0971.JPG,0
DSCN0972.JPG,90
DSCN0973.JPG,270
DSCN0974.JPG,90
DSCN0975.JPG,90
DSCN0976.JPG,90
DSCN0977.JPG,0
DSCN0978.JPG,90
DSCN0979.JPG,0
DSCN0980.JPG,90
DSCN0981.JPG,0
DSCN0982.JPG,0
DSCN0983.JPG,270
DSCN0984.JPG,90
DSCN0985.JPG,0
DSCN0986.JPG,90
DSCN0987.JPG,90
DSCN0988.JPG,0
DSCN0989.JPG,90
DSCN0990.JPG,0
DSCN0991.JPG,90
DSCN0992.JPG,270
DSCN0993.JPG,90
DSCN0994.JPG,90
DSCN0995.JPG,0
DSCN0996.JPG,90
DSCN0997.JPG,0
DSCN0998.JPG,90
DSCN0999.JPG,0
DSCN1000.JPG,0
DSCN1001.JPG,90
DSCN1002.JPG,0
DSCN1003.JPG,90
DSCN1004.JPG,0
DSCN1005.JPG,90
DSCN1006.JPG,90
DSCN1007.JPG,90
DSCN1008.JPG,270
DSCN1009.JPG,90
DSCN1010.JPG,90
DSCN1011.JPG,90
DSCN1012.JPG,90
DSCN1013.JPG,0
DSCN1014.JPG,90
DSCN1015.JPG,0
DSCN1016.JPG,90
DSCN1017.JPG,0
DSCN1018.JPG,90
DSCN1019.JPG,0
DSCN1020.JPG,0
DSCN1021.JPG,90
DSCN1022.JPG,270
DSCN1023.JPG,90
DSCN1024.JPG,0
DSCN1025.JPG,90
DSCN1026.JPG,0
DSCN1027.JPG,90
DSCN1028.JPG,0
DSCN1029.JPG,270
DSCN1030.JPG,90
DSCN1031.JPG,90
DSCN1032.JPG,90
DSCN1033.JPG,0
DSCN1034.JPG,90
DSCN1035.JPG,0
DSCN1036.JPG,90
DSCN1037.JPG,270
DSCN1038.JPG,90
DSCN1039.JPG,270
DSCN1040.JPG,90
DSCN1041.JPG,90
DSCN1042.JPG,270
DSCN1043.JPG,90
DSCN1044.JPG,90
DSCN1045.JPG,0
DSCN1046.JPG,90
DSCN1047.JPG,90
DSCN1048.JPG,90
DSCN1049.JPG,0
DSCN1050.JPG,90
DSCN1051.JPG,90
DSCN1052.JPG,90
DSCN1053.JPG,0
DSCN1054.JPG,0
DSCN1055.JPG,90
DSCN1056.JPG,90
DSCN1057.JPG,90
DSCN1058.JPG,90
DSCN1059.JPG,0
DSCN1060.JPG,90
DSCN1061.JPG,0
DSCN1062.JPG,0
DSCN1063.JPG,0
DSCN1064.JPG,0
DSCN1642.JPG,90
DSCN1643.JPG,0
DSCN1644.JPG,90
DSCN1645.JPG,0
DSCN1646.JPG,90
DSCN1647.JPG,0
DSCN1648.JPG,90
DSCN1649.JPG,180
DSCN1650.JPG,90
DSCN1651.JPG,90
DSCN1652.JPG,90
DSCN1653.JPG,90
DSCN1654.JPG,90
DSCN1655.JPG,0
DSCN1656.JPG,0
DSCN1657.JPG,90
DSCN1658.JPG,90
DSCN1659.JPG,0
DSCN1660.JPG,0
DSCN1662.JPG,90
DSCN1663.JPG,90
DSCN1664.JPG,90
DSCN1665.JPG,0
DSCN1666.JPG,0
DSCN1667.JPG,90
DSCN1668.JPG,90
DSCN1670.JPG,270
DSCN1671.JPG,90
DSCN1672.JPG,0
DSCN1673.JPG,90
DSCN1674.JPG,0
DSCN1675.JPG,90
DSCN1676.JPG,90
DSCN1677.JPG,0
DSCN1678.JPG,90
DSCN1679.JPG,0
DSCN1680.JPG,90
DSCN1681.JPG,0
DSCN1683.JPG,90
DSCN1684.JPG,90
DSCN1685.JPG,90
DSCN1686.JPG,270
DSCN1687.JPG,90
DSCN1688.JPG,90
DSCN1689.JPG,0
DSCN1692.JPG,90
DSCN1693.JPG,0
DSCN1694.JPG,90
DSCN1695.JPG,90
DSCN1696.JPG,90
DSCN1697.JPG,0
DSCN1698.JPG,0
DSCN1699.JPG,270
DSCN1700.JPG,0
DSCN1701.JPG,270
DSCN1702.JPG,270
DSCN1703.JPG,270
DSCN1704.JPG,0
DSCN1705.JPG,90
DSCN1706.JPG,180
DSCN1707.JPG,270
DSCN1708.JPG,90
DSCN1709.JPG,0
DSCN1710.JPG,90
DSCN1712.JPG,90
DSCN1713.JPG,0
DSCN1714.JPG,0
DSCN1715.JPG,0
DSCN1716.JPG,90
DSCN1717.JPG,0
DSCN1718.JPG,90
DSCN1719.JPG,0
DSCN1720.JPG,90
DSCN1721.JPG,90
DSCN1722.JPG,0
DSCN1723.JPG,90
DSCN1724.JPG,0
DSCN1725.JPG,90
DSCN1726.JPG,90
DSCN1727.JPG,0
DSCN1728.JPG,90
DSCN1729.JPG,0
DSCN1730.JPG,90
DSCN1731.JPG,90
DSCN1732.JPG,0
DSCN1733.JPG,0
DSCN1734.JPG,90
DSCN1735.JPG,0
DSCN1736.JPG,90
DSCN1737.JPG,0
DSCN1739.JPG,90
DSCN1740.JPG,0
DSCN1741.JPG,90
DSCN1742.JPG,0
DSCN1743.JPG,90
DSCN1744.JPG,0
DSCN1745.JPG,270
DSCN1746.JPG,90
DSCN1747.JPG,0
DSCN1748.JPG,0
DSCN1749.JPG,90
DSCN1750.JPG,90
DSCN1751.JPG,0
DSCN1752.JPG,90
DSCN1753.JPG,270
DSCN1754.JPG,0
DSCN1755.JPG,90
DSCN1756.JPG,90
DSCN1757.JPG,90
DSCN1758.JPG,0
DSCN1759.JPG,0
DSCN1760.JPG,0
DSCN1761.JPG,0
DSCN1762.JPG,90
DSCN1763.JPG,0
DSCN1764.JPG,90
DSCN1765.JPG,0
DSCN1766.JPG,90
DSCN1767.JPG,90
DSCN1768.JPG,90
DSCN1769.JPG,0
DSCN1770.JPG,0
DSCN1771.JPG,270
DSCN1772.JPG,90
DSCN1773.JPG,0
DSCN1774.JPG,90
DSCN1775.JPG,90
DSCN1776.JPG,90
DSCN1777.JPG,0
DSCN1779.JPG,0
DSCN1780.JPG,90
DSCN1781.JPG,0
DSCN1782.JPG,90
DSCN1783.JPG,90
DSCN1784.JPG,90
DSCN1785.JPG,0
DSCN1786.JPG,90
DSCN1787.JPG,0
DSCN1788.JPG,0
DSCN1789.JPG,90
DSCN1790.JPG,90
DSCN1791.JPG,180
DSCN1792.JPG,0
DSCN1793.JPG,90
DSCN1794.JPG,0
DSCN1795.JPG,0
DSCN1796.JPG,0
DSCN1797.JPG,90
DSCN1798.JPG,0
DSCN1799.JPG,0
DSCN1800.JPG,90
DSCN1801.JPG,0
DSCN1802.JPG,90
DSCN1803.JPG,0
DSCN1804.JPG,90
DSCN1805.JPG,0
DSCN1806.JPG,0
DSCN1807.JPG,90
DSCN1808.JPG,0
DSCN1809.JPG,90
DSCN1810.JPG,90
DSCN1811.JPG,90
DSCN1812.JPG,0
DSCN1813.JPG,90
DSCN1814.JPG,90
DSCN1815.JPG,90
DSCN1816.JPG,90
DSCN1817.JPG,0
DSCN1818.JPG,90
DSCN1819.JPG,0
DSCN1820.JPG,90
DSCN1821.JPG,90
DSCN1822.JPG,90
DSCN1823.JPG,0
DSCN1824.JPG,90
DSCN1825.JPG,0
DSCN1826.JPG,0
DSCN1827.JPG,90
DSCN1828.JPG,0
DSCN1829.JPG,0
DSCN1830.JPG,90
DSCN1831.JPG,90
DSCN1832.JPG,90
DSCN1833.JPG,0
DSCN1834.JPG,90
DSCN1835.JPG,0
DSCN1836.JPG,90
DSCN1837.JPG,90
DSCN1838.JPG,0
DSCN1839.JPG,90
DSCN1840.JPG,0
DSCN1841.JPG,90
DSCN1842.JPG,0
DSCN1843.JPG,90
DSCN1844.JPG,90
DSCN1845.JPG,180
DSCN1846.JPG,90
DSCN1847.JPG,0
DSCN1848.JPG,90
DSCN1849.JPG,90
DSCN1851.JPG,90
DSCN1852.JPG,90
DSCN1853.JPG,90
DSCN1854.JPG,0
DSCN1855.JPG,90
DSCN1856.JPG,90
DSCN1857.JPG,90
DSCN1858.JPG,0
DSCN1859.JPG,90
DSCN1860.JPG,90
DSCN1861.JPG,0
DSCN1862.JPG,90
DSCN1863.JPG,0
DSCN1864.JPG,0
DSCN1865.JPG,90
DSCN1866.JPG,0
DSCN1867.JPG,0
DSCN1868.JPG,180
DSCN1869.JPG,90
DSCN1870.JPG,90
DSCN1871.JPG,90
DSCN1872.JPG,0
DSCN1873.JPG,180
DSCN1874.JPG,270
DSCN1875.JPG,90
DSCN1876.JPG,90
DSCN1877.JPG,90
DSCN1878.JPG,0
DSCN1879.JPG,90
DSCN1880.JPG,0
DSCN1881.JPG,90
DSCN1882.JPG,90
DSCN1883.JPG,90
DSCN1884.JPG,0
DSCN1885.JPG,90
DSCN1886.JPG,0
DSCN1887.JPG,90
DSCN1888.JPG,0
DSCN1889.JPG,90
DSCN1890.JPG,0
DSCN1891.JPG,90
DSCN1892.JPG,0
DSCN1893.JPG,90
DSCN1894.JPG,0
DSCN1895.JPG,90
DSCN1896.JPG,90
DSCN1897.JPG,0
DSCN1898.JPG,0
DSCN1899.JPG,0
DSCN1900.JPG,90
DSCN1901.JPG,0
DSCN1902.JPG,90
DSCN1903.JPG,0
DSCN1904.JPG,0
DSCN1905.JPG,0
DSCN1906.JPG,90
DSCN1907.JPG,0
DSCN1908.JPG,90
DSCN1909.JPG,0
DSCN1910.JPG,90
DSCN1911.JPG,270
DSCN1912.JPG,90
DSCN1913.JPG,90
DSCN1914.JPG,90
DSCN1915.JPG,0
DSCN1916.JPG,0
DSCN1917.JPG,270
DSCN1918.JPG,0
DSCN1919.JPG,0
DSCN1920.JPG,0
DSCN1921.JPG,270
DSCN1922.JPG,270
DSCN1923.JPG,270
DSCN1924.JPG,0
DSCN1925.JPG,270
DSCN1926.JPG,180
DSCN1927.JPG,180
DSCN1928.JPG,180
DSCN1929.JPG,0
DSCN1930.JPG,270
DSCN1931.JPG,0
DSCN1932.JPG,270
DSCN1933.JPG,0
DSCN1934.JPG,90
DSCN1935.JPG,180
DSCN1936.JPG,90
DSCN1937.JPG,90
DSCN1938.JPG,0
DSCN1939.JPG,90
DSCN1940.JPG,180
DSCN1941.JPG,0
DSCN1942.JPG,180
DSCN1943.JPG,270
DSCN1944.JPG,0
DSCN1945.JPG,270
DSCN1946.JPG,270
DSCN1947.JPG,270
DSCN1948.JPG,270
DSCN1949.JPG,270
DSCN1950.JPG,0
DSCN1951.JPG,270
DSCN1952.JPG,0
DSCN1953.JPG,270
DSCN1954.JPG,0
DSCN1955.JPG,270
DSCN1956.JPG,270
DSCN1957.JPG,90
DSCN1958.JPG,0
DSCN1959.JPG,90
DSCN1960.JPG,90
DSCN1961.JPG,90
DSCN1962.JPG,0
DSCN1963.JPG,90
DSCN1964.JPG,0
DSCN1965.JPG,90
DSCN1966.JPG,0
DSCN1967.JPG,90
DSCN1968.JPG,0
DSCN1969.JPG,90
DSCN1970.JPG,0
DSCN1971.JPG,90
DSCN8912.JPG,0
DSCN8913.JPG,0
DSCN8914.JPG,90
DSCN8915.JPG,0
DSCN8916.JPG,0
DSCN8917.JPG,90
DSCN8918.JPG,0
DSCN8919.JPG,90
DSCN8920.JPG,0
DSCN8921.JPG,90
DSCN8922.JPG,0
DSCN8923.JPG,0
DSCN8924.JPG,90
DSCN8925.JPG,0
DSCN8926.JPG,0
DSCN8927.JPG,0
DSCN8928.JPG,90
DSCN8929.JPG,90
DSCN8930.JPG,0
DSCN8931.JPG,90
DSCN8932.JPG,0
DSCN8933.JPG,0
DSCN8934.JPG,90
DSCN8935.JPG,0
DSCN8936.JPG,0
DSCN8937.JPG,0
DSCN8938.JPG,0
DSCN8939.JPG,0
DSCN8940.JPG,0
DSCN8941.JPG,0
DSCN8942.JPG,0
DSCN8943.JPG,0
DSCN8944.JPG,0
DSCN8945.JPG,0
DSCN8946.JPG,90
DSCN8947.JPG,0
DSCN8948.JPG,0
DSCN8949.JPG,0
DSCN8950.JPG,0
DSCN8951.JPG,90
DSCN8952.JPG,0
DSCN8953.JPG,90
DSCN8954.JPG,0
DSCN8955.JPG,0
DSCN8956.JPG,0
DSCN8957.JPG,90
DSCN8958.JPG,0
DSCN8959.JPG,0
DSCN8960.JPG,0
DSCN8961.JPG,0
DSCN8962.JPG,90
DSCN8963.JPG,0
DSCN8964.JPG,0
DSCN8965.JPG,0
DSCN8966.JPG,0
DSCN8967.JPG,0
DSCN8968.JPG,0
DSCN8969.JPG,0
DSCN0076.JPG,0
DSCN0077.JPG,90
DSCN0078.JPG,270
DSCN0079.JPG,90
DSCN0080.JPG,270
DSCN0081.JPG,90
DSCN0082.JPG,90
DSCN0083.JPG,0
DSCN0084.JPG,90
DSCN0085.JPG,90
DSCN0086.JPG,90
DSCN0087.JPG,0
DSCN0088.JPG,90
DSCN0089.JPG,90
DSCN0090.JPG,90
DSCN0091.JPG,0
DSCN0092.JPG,90
DSCN0093.JPG,90
DSCN0094.JPG,90
DSCN0095.JPG,270
DSCN0096.JPG,90
DSCN0097.JPG,0
DSCN0098.JPG,90
DSCN0099.JPG,0
DSCN0100.JPG,90
DSCN0101.JPG,0
DSCN0102.JPG,90
DSCN0103.JPG,180
DSCN0104.JPG,90
DSCN0105.JPG,90
DSCN0106.JPG,270
DSCN0107.JPG,90
DSCN0108.JPG,0
DSCN0109.JPG,90
DSCN0110.JPG,180
DSCN0111.JPG,90
DSCN0112.JPG,270
DSCN0113.JPG,90
DSCN0114.JPG,270
DSCN0115.JPG,90
DSCN0116.JPG,90
DSCN0117.JPG,90
DSCN0118.JPG,0
DSCN0119.JPG,90
DSCN0120.JPG,90
DSCN0121.JPG,90
DSCN0122.JPG,90
DSCN0123.JPG,0
DSCN0124.JPG,90
DSCN0125.JPG,90
DSCN0126.JPG,0
DSCN0127.JPG,0
DSCN0128.JPG,0
DSCN0129.JPG,90
DSCN0130.JPG,0
DSCN0131.JPG,90
DSCN0132.JPG,270
DSCN0133.JPG,90
DSCN0134.JPG,0
DSCN0135.JPG,0
DSCN0136.JPG,90
DSCN0137.JPG,0
DSCN0138.JPG,90
DSCN0139.JPG,0
DSCN0141.JPG,90
DSCN0142.JPG,0
DSCN0143.JPG,90
DSCN0144.JPG,270
DSCN0145.JPG,90
DSCN0146.JPG,0
DSCN0147.JPG,90
DSCN0148.JPG,0
DSCN0149.JPG,90
DSCN0150.JPG,270
DSCN0151.JPG,90
DSCN0152.JPG,90
DSCN0154.JPG,90
DSCN0155.JPG,90
DSCN0156.JPG,0
DSCN0157.JPG,0
DSCN0158.JPG,90
DSCN0159.JPG,90
DSCN0160.JPG,90
DSCN0161.JPG,0
DSCN0162.JPG,90
DSCN0163.JPG,0
DSCN0164.JPG,90
DSCN0165.JPG,0
DSCN0167.JPG,90
DSCN0168.JPG,90
DSCN0169.JPG,90
DSCN0170.JPG,90
DSCN0171.JPG,0
DSCN0172.JPG,90
DSCN0174.JPG,0
DSCN0175.JPG,90
DSCN0176.JPG,0
DSCN0177.JPG,90
DSCN0178.JPG,0
DSCN0179.JPG,90
DSCN0180.JPG,0
DSCN0181.JPG,90
DSCN0182.JPG,90
DSCN0183.JPG,0
DSCN0184.JPG,90
DSCN0185.JPG,0
DSCN0186.JPG,90
DSCN0187.JPG,0
DSCN0188.JPG,90
DSCN0189.JPG,0
DSCN0190.JPG,90
DSCN0191.JPG,0
DSCN0192.JPG,90
DSCN0193.JPG,0
DSCN0194.JPG,90
DSCN0195.JPG,0
DSCN0196.JPG,90
DSCN0198.JPG,0
DSCN0199.JPG,90
DSCN0200.JPG,0
DSCN0201.JPG,90
DSCN0202.JPG,0
DSCN0203.JPG,90
DSCN0204.JPG,0
DSCN0205.JPG,90
DSCN0206.JPG,0
DSCN0207.JPG,90
DSCN0208.JPG,270
DSCN0209.JPG,90
DSCN0210.JPG,90
DSCN0211.JPG,0
DSCN0212.JPG,90
DSCN0213.JPG,270
DSCN0214.JPG,90
DSCN0215.JPG,0
DSCN0216.JPG,90
DSCN0217.JPG,0
DSCN0218.JPG,90
DSCN0219.JPG,0
DSCN0220.JPG,90
DSCN0221.JPG,0
DSCN0222.JPG,90
DSCN0223.JPG,0
DSCN0224.JPG,90
DSCN0225.JPG,0
DSCN0226.JPG,90
DSCN0227.JPG,0
DSCN0228.JPG,90
DSCN0229.JPG,0
DSCN0230.JPG,90
DSCN0231.JPG,0
DSCN0232.JPG,90
DSCN0233.JPG,90
DSCN0234.JPG,90
DSCN0235.JPG,0
DSCN0236.JPG,90
DSCN0237.JPG,90
DSCN0238.JPG,0
DSCN0239.JPG,90
DSCN0240.JPG,0
DSCN0241.JPG,90
DSCN0242.JPG,270
DSCN0243.JPG,90
DSCN0244.JPG,0
DSCN0245.JPG,90
DSCN0246.JPG,90
DSCN0247.JPG,90
DSCN0248.JPG,0
DSCN0249.JPG,90
DSCN0250.JPG,0
DSCN0251.JPG,90
DSCN0252.JPG,270
DSCN0253.JPG,90
DSCN0254.JPG,270
DSCN0255.JPG,90
DSCN0256.JPG,270
DSCN0257.JPG,90
DSCN0258.JPG,270
DSCN0259.JPG,90
DSCN0260.JPG,90
DSCN0261.JPG,90
DSCN0262.JPG,270
DSCN0263.JPG,90
DSCN0264.JPG,90
DSCN0265.JPG,90
DSCN0266.JPG,270
DSCN0267.JPG,90
DSCN0268.JPG,90
DSCN0269.JPG,90
DSCN0270.JPG,270
DSCN0271.JPG,90
DSCN0272.JPG,180
DSCN0273.JPG,90
DSCN0274.JPG,0
DSCN0275.JPG,90
DSCN0276.JPG,270
DSCN0277.JPG,90
DSCN0278.JPG,270
DSCN0279.JPG,90
DSCN0280.JPG,90
DSCN0281.JPG,270
DSCN0282.JPG,90
DSCN0283.JPG,270
DSCN0284.JPG,90
DSCN0285.JPG,90
DSCN0286.JPG,90
DSCN0287.JPG,0
DSCN0288.JPG,90
DSCN0289.JPG,90
DSCN0290.JPG,90
DSCN0291.JPG,90
DSCN0292.JPG,270
DSCN0293.JPG,90
DSCN0294.JPG,90
DSCN0295.JPG,90
DSCN0296.JPG,90
DSCN0297.JPG,90
DSCN0298.JPG,0
DSCN0299.JPG,0
DSCN0300.JPG,90
DSCN0301.JPG,0
DSCN0302.JPG,90
DSCN0303.JPG,0
DSCN0304.JPG,90
DSCN0305.JPG,0
DSCN0306.JPG,90
DSCN0307.JPG,0
DSCN0308.JPG,90
DSCN0309.JPG,0
DSCN0310.JPG,90
DSCN0311.JPG,0
DSCN0312.JPG,90
DSCN0313.JPG,90
DSCN0314.JPG,90
DSCN0315.JPG,0
DSCN0316.JPG,90
DSCN0317.JPG,0
DSCN0318.JPG,90
DSCN0319.JPG,0
DSCN0320.JPG,90
DSCN0321.JPG,0
DSCN0322.JPG,270
DSCN0323.JPG,270
DSCN0324.JPG,270
DSCN0325.JPG,270
DSCN0326.JPG,0
DSCN0327.JPG,0
DSCN0328.JPG,90
DSCN0329.JPG,270
DSCN0330.JPG,0
DSCN0331.JPG,0
DSCN0332.JPG,0
DSCN0333.JPG,90
DSCN0334.JPG,0
DSCN0335.JPG,90
DSCN0336.JPG,90
DSCN0337.JPG,0
DSCN0338.JPG,90
DSCN0339.JPG,90
DSCN0340.JPG,90
DSCN0341.JPG,0
DSCN0342.JPG,90
DSCN0343.JPG,0
DSCN0344.JPG,90
DSCN0345.JPG,0
DSCN0346.JPG,90
DSCN0347.JPG,0
DSCN0348.JPG,90
DSCN0349.JPG,270
DSCN0350.JPG,90
DSCN0353.JPG,90
DSCN0354.JPG,90
DSCN0355.JPG,90
DSCN0356.JPG,0
DSCN0357.JPG,90
DSCN0358.JPG,0
DSCN0359.JPG,0
DSCN0360.JPG,90
DSCN0361.JPG,90
DSCN0362.JPG,90
DSCN0363.JPG,0
DSCN0364.JPG,270
DSCN0365.JPG,0
DSCN0366.JPG,270
DSCN0367.JPG,90
DSCN0368.JPG,270
DSCN0369.JPG,0
DSCN0370.JPG,270
DSCN0371.JPG,90
DSCN0372.JPG,90
DSCN0373.JPG,90
DSCN0374.JPG,0
DSCN0375.JPG,90
DSCN0376.JPG,270
DSCN0377.JPG,90
DSCN0378.JPG,270
DSCN0379.JPG,90
DSCN0380.JPG,90
DSCN0381.JPG,90
DSCN0382.JPG,90
DSCN0383.JPG,90
DSCN0384.JPG,90
DSCN0385.JPG,90
DSCN0386.JPG,90
DSCN0387.JPG,90
DSCN0388.JPG,90
DSCN0389.JPG,90
DSCN0390.JPG,0
DSCN0391.JPG,90
DSCN0393.JPG,0
DSCN0394.JPG,0
DSCN0395.JPG,90
DSCN0396.JPG,90
DSCN0397.JPG,90
DSCN0398.JPG,90
DSCN0399.JPG,90
DSCN0400.JPG,90
DSCN0401.JPG,90
DSCN0402.JPG,90
DSCN0403.JPG,90
DSCN0404.JPG,0
DSCN0405.JPG,270
DSCN0406.JPG,0
DSCN0407.JPG,90
DSCN0408.JPG,0
DSCN0409.JPG,90
DSCN0410.JPG,270
DSCN0411.JPG,90
DSCN0412.JPG,90
DSCN0413.JPG,90
DSCN0414.JPG,90
DSCN0415.JPG,90
DSCN0416.JPG,90
DSCN0417.JPG,90
DSCN0418.JPG,90
DSCN0419.JPG,90
DSCN0420.JPG,270
DSCN0421.JPG,90
DSCN8970.JPG,0
DSCN8971.JPG,0
DSCN8972.JPG,0
DSCN8973.JPG,90
DSCN8974.JPG,270
DSCN8975.JPG,90
DSCN8976.JPG,90
DSCN8977.JPG,0
DSCN8978.JPG,90
DSCN8979.JPG,90
DSCN8980.JPG,0
DSCN8981.JPG,90
DSCN8982.JPG,270
DSCN8983.JPG,90
DSCN8984.JPG,0
DSCN8985.JPG,270
DSCN8986.JPG,90
DSCN8987.JPG,270
DSCN8988.JPG,90
DSCN8989.JPG,270
DSCN8990.JPG,90
DSCN8991.JPG,270
DSCN8992.JPG,90
DSCN8993.JPG,0
DSCN8994.JPG,90
DSCN8995.JPG,270
DSCN8996.JPG,90
DSCN8997.JPG,90
DSCN8998.JPG,90
DSCN8999.JPG,0
DSCN9000.JPG,90
DSCN9001.JPG,90
DSCN9002.JPG,90
DSCN9003.JPG,90
DSCN9004.JPG,90
DSCN9005.JPG,90
DSCN9007.JPG,270
DSCN9008.JPG,90
DSCN9009.JPG,0
DSCN9010.JPG,90
DSCN9011.JPG,0
DSCN9012.JPG,90
DSCN9013.JPG,0
DSCN9014.JPG,90
DSCN9015.JPG,90
DSCN9016.JPG,0
DSCN9017.JPG,90
DSCN9018.JPG,0
DSCN9019.JPG,90
DSCN9020.JPG,270
DSCN9021.JPG,90
DSCN9022.JPG,90
DSCN9023.JPG,0
DSCN9024.JPG,90
DSCN9025.JPG,0
DSCN9026.JPG,90
DSCN9027.JPG,90
DSCN9028.JPG,90
DSCN9029.JPG,90
DSCN9030.JPG,90
DSCN9031.JPG,0
DSCN9032.JPG,90
DSCN9033.JPG,90
DSCN9034.JPG,0
DSCN9035.JPG,90
DSCN9036.JPG,0
DSCN9037.JPG,90
DSCN9038.JPG,90
DSCN9039.JPG,90
DSCN9040.JPG,90
DSCN9041.JPG,270
DSCN9042.JPG,90
DSCN9043.JPG,90
DSCN9044.JPG,90
DSCN9045.JPG,90
DSCN9046.JPG,90
DSCN9047.JPG,90
DSCN9048.JPG,180
DSCN9049.JPG,90
DSCN9050.JPG,0
DSCN9051.JPG,90
DSCN9052.JPG,0
DSCN9053.JPG,90
DSCN9054.JPG,90
DSCN9055.JPG,90
DSCN9056.JPG,90
DSCN9057.JPG,90
DSCN9058.JPG,90
DSCN9059.JPG,270
DSCN9060.JPG,90
DSCN9061.JPG,90
DSCN9062.JPG,0
DSCN9063.JPG,90
DSCN9064.JPG,180
DSCN9065.JPG,90
DSCN9066.JPG,270
DSCN9067.JPG,90
DSCN9068.JPG,0
DSCN9069.JPG,90
DSCN9070.JPG,90
DSCN9071.JPG,0
DSCN9072.JPG,90
DSCN9073.JPG,90
DSCN9074.JPG,90
DSCN9075.JPG,270
DSCN9076.JPG,90
DSCN9077.JPG,270
DSCN9078.JPG,90
DSCN9079.JPG,270
DSCN9080.JPG,90
DSCN9081.JPG,90
DSCN9082.JPG,270
DSCN9083.JPG,90
DSCN9084.JPG,180
DSCN9085.JPG,90
DSCN9086.JPG,270
DSCN9087.JPG,0
DSCN9088.JPG,90
DSCN9089.JPG,90
DSCN9090.JPG,270
DSCN9091.JPG,0
DSCN9092.JPG,90
DSCN9093.JPG,0
DSCN9094.JPG,90
DSCN9095.JPG,0
DSCN9096.JPG,270
DSCN9097.JPG,90
DSCN9098.JPG,180
DSCN9099.JPG,180
DSCN9100.JPG,90
DSCN9101.JPG,90
DSCN9102.JPG,0
DSCN9103.JPG,90
DSCN9104.JPG,90
DSCN9105.JPG,270
DSCN9106.JPG,90
DSCN9107.JPG,0
DSCN9108.JPG,270
DSCN9109.JPG,0
DSCN9110.JPG,90
DSCN9111.JPG,0
DSCN9112.JPG,270
DSCN9113.JPG,90
DSCN9114.JPG,270
DSCN9115.JPG,90
DSCN9116.JPG,90
DSCN9117.JPG,90
DSCN9118.JPG,0
DSCN9119.JPG,90
DSCN9120.JPG,0
DSCN9121.JPG,90
DSCN9122.JPG,270
DSCN9123.JPG,90
DSCN9124.JPG,90
DSCN9125.JPG,0
DSCN9126.JPG,90
DSCN9127.JPG,90
DSCN9128.JPG,0
DSCN9129.JPG,90
DSCN9130.JPG,0
DSCN9131.JPG,90
DSCN9132.JPG,0
DSCN9133.JPG,90
DSCN9134.JPG,90
DSCN9135.JPG,90
DSCN9136.JPG,0
DSCN9137.JPG,90
DSCN9138.JPG,0
DSCN9139.JPG,90
DSCN9140.JPG,0
DSCN9141.JPG,90
DSCN9142.JPG,90
DSCN9143.JPG,0
DSCN9144.JPG,90
DSCN9145.JPG,0
DSCN9146.JPG,180
DSCN9147.JPG,90
DSCN9149.JPG,0
DSCN9150.JPG,180
DSCN9151.JPG,90
DSCN9152.JPG,0
DSCN9153.JPG,270
DSCN9154.JPG,90
DSCN9155.JPG,0
DSCN9156.JPG,90
DSCN9157.JPG,0
DSCN9158.JPG,90
DSCN9159.JPG,0
DSCN9160.JPG,90
DSCN9161.JPG,0
DSCN9162.JPG,0
DSCN9163.JPG,270
DSCN9164.JPG,90
DSCN9165.JPG,0
DSCN9167.JPG,270
DSCN9168.JPG,90
DSCN9169.JPG,90
DSCN9170.JPG,90
DSCN9171.JPG,270
DSCN9172.JPG,90
DSCN9173.JPG,0
DSCN9174.JPG,90
DSCN9175.JPG,90
DSCN9176.JPG,90
DSCN9177.JPG,90
DSCN9178.JPG,90
DSCN9179.JPG,90
DSCN9180.JPG,90
DSCN9181.JPG,90
DSCN9182.JPG,90
DSCN9183.JPG,90
DSCN9184.JPG,90
DSCN9185.JPG,90
DSCN9186.JPG,90
DSCN9187.JPG,90
DSCN9188.JPG,90
DSCN9189.JPG,90
DSCN9190.JPG,0
DSCN9191.JPG,90
DSCN9192.JPG,90
DSCN9193.JPG,0
DSCN9194.JPG,90
DSCN9195.JPG,90
DSCN9196.JPG,0
DSCN9197.JPG,90
DSCN9198.JPG,90
DSCN9199.JPG,90
DSCN9200.JPG,90
DSCN9201.JPG,90
DSCN9202.JPG,90
DSCN9203.JPG,90
DSCN9205.JPG,90
DSCN9206.JPG,90
DSCN9207.JPG,90
DSCN9208.JPG,90
DSCN9209.JPG,90
DSCN9210.JPG,180
DSCN9211.JPG,90
DSCN9212.JPG,90
DSCN9213.JPG,0
DSCN9214.JPG,90
DSCN9215.JPG,0
DSCN9216.JPG,90
DSCN9217.JPG,0
DSCN9218.JPG,90
DSCN9219.JPG,90
DSCN9220.JPG,90
DSCN9221.JPG,270
DSCN9222.JPG,90
DSCN9223.JPG,0
DSCN9224.JPG,0
DSCN9225.JPG,0
DSCN9226.JPG,0
DSCN9227.JPG,0
DSCN9228.JPG,90
DSCN9229.JPG,0
DSCN9230.JPG,90
DSCN9231.JPG,0
DSCN9232.JPG,90
DSCN9233.JPG,0
DSCN9234.JPG,90
DSCN9235.JPG,0
DSCN9236.JPG,90
DSCN9237.JPG,0
DSCN9238.JPG,90
DSCN9239.JPG,0
DSCN9240.JPG,90
DSCN9241.JPG,0
DSCN9242.JPG,90
DSCN9243.JPG,0
DSCN9244.JPG,90
DSCN9245.JPG,0
DSCN9246.JPG,90
DSCN9247.JPG,0
DSCN9248.JPG,90
DSCN9249.JPG,0
DSCN9250.JPG,90
DSCN9251.JPG,0
DSCN9252.JPG,90
DSCN9253.JPG,0
DSCN9254.JPG,90
DSCN9255.JPG,0
DSCN9256.JPG,90
DSCN9257.JPG,0
DSCN9258.JPG,90
DSCN9259.JPG,0
DSCN9260.JPG,90
DSCN9261.JPG,0
DSCN9262.JPG,90
DSCN9263.JPG,0
DSCN9264.JPG,90
DSCN9265.JPG,0
DSCN9266.JPG,90
DSCN9267.JPG,0
DSCN9268.JPG,90
DSCN9269.JPG,0
DSCN9270.JPG,90
DSCN9271.JPG,0
DSCN9272.JPG,90
DSCN9273.JPG,0
DSCN9274.JPG,270
DSCN9275.JPG,0
DSCN9276.JPG,270
DSCN9277.JPG,0
DSCN9278.JPG,90
DSCN9279.JPG,0
DSCN9280.JPG,90
DSCN9281.JPG,0
DSCN9282.JPG,270
DSCN9283.JPG,0
DSCN9284.JPG,90
DSCN9285.JPG,0
DSCN9286.JPG,90
DSCN9287.JPG,0
DSCN9288.JPG,90
DSCN9289.JPG,0
DSCN9290.JPG,90
DSCN9291.JPG,0
DSCN9292.JPG,90
DSCN9293.JPG,0
DSCN9294.JPG,90
DSCN9295.JPG,0
DSCN9296.JPG,90
DSCN9297.JPG,0
DSCN9298.JPG,270
DSCN9299.JPG,0
DSCN9300.JPG,270
DSCN9301.JPG,0
DSCN9302.JPG,90
DSCN9303.JPG,0
DSCN9304.JPG,90
DSCN9305.JPG,90
DSCN9306.JPG,0
DSCN9307.JPG,270
DSCN9308.JPG,0
DSCN9309.JPG,90
DSCN9310.JPG,0
DSCN9311.JPG,90
DSCN9312.JPG,90
DSCN9313.JPG,0
DSCN9314.JPG,90
DSCN9315.JPG,0
DSCN9316.JPG,0
DSCN9317.JPG,0
DSCN9318.JPG,90
DSCN9319.JPG,0
DSCN9320.JPG,270
DSCN9321.JPG,0
DSCN9322.JPG,90
DSCN9323.JPG,0
DSCN9324.JPG,90
DSCN9325.JPG,0
DSCN9326.JPG,270
DSCN9327.JPG,0
DSCN9328.JPG,90
DSCN9329.JPG,0
DSCN9330.JPG,270
DSCN9331.JPG,0
DSCN9332.JPG,0
DSCN9333.JPG,0
DSCN9334.JPG,270
DSCN9335.JPG,0
DSCN9336.JPG,270
DSCN9337.JPG,270
DSCN9338.JPG,90
DSCN9339.JPG,90
DSCN9340.JPG,90
DSCN9341.JPG,180
DSCN9342.JPG,90
DSCN9343.JPG,90
DSCN9344.JPG,90
DSCN9345.JPG,90
DSCN9346.JPG,90
DSCN9347.JPG,90
DSCN9348.JPG,90
DSCN9349.JPG,0
DSCN9350.JPG,0
DSCN9351.JPG,90
DSCN9352.JPG,90
DSCN9353.JPG,0
DSCN9354.JPG,90
DSCN9355.JPG,90
DSCN9356.JPG,0
DSCN9357.JPG,0
DSCN9358.JPG,90
DSCN9359.JPG,0
DSCN9360.JPG,0
DSCN9361.JPG,90
DSCN9362.JPG,0
DSCN9363.JPG,90
DSCN9364.JPG,270
DSCN9365.JPG,90
DSCN9366.JPG,0
DSCN9367.JPG,0
DSCN9368.JPG,90
DSCN9369.JPG,90
DSCN9370.JPG,0
DSCN9371.JPG,270
DSCN9372.JPG,90
DSCN9373.JPG,90
DSCN9374.JPG,0
DSCN9375.JPG,90
DSCN9376.JPG,90
DSCN9377.JPG,0
DSCN9378.JPG,90
DSCN1973.JPG,270
DSCN1974.JPG,0
DSCN1975.JPG,90
DSCN1976.JPG,90
DSCN1977.JPG,270
DSCN1978.JPG,90
DSCN1979.JPG,90
DSCN1980.JPG,90
DSCN1981.JPG,90
DSCN1982.JPG,180
DSCN1983.JPG,90
DSCN1984.JPG,90
DSCN1985.JPG,90
DSCN1986.JPG,180
DSCN1987.JPG,90
DSCN1988.JPG,90
DSCN1989.JPG,0
DSCN1990.JPG,90
DSCN1991.JPG,0
DSCN1992.JPG,90
DSCN1993.JPG,90
DSCN1994.JPG,90
DSCN1995.JPG,0
DSCN1996.JPG,90
DSCN1997.JPG,180
DSCN1998.JPG,90
DSCN1999.JPG,90
DSCN2000.JPG,270
DSCN2001.JPG,90
DSCN2002.JPG,0
DSCN2003.JPG,90
DSCN2004.JPG,90
DSCN2005.JPG,90
DSCN2006.JPG,90
DSCN2007.JPG,270
DSCN2008.JPG,90
DSCN2009.JPG,90
DSCN2010.JPG,90
DSCN2011.JPG,270
DSCN2012.JPG,90
DSCN2013.JPG,90
DSCN2014.JPG,90
DSCN2015.JPG,90
DSCN2016.JPG,90
DSCN2017.JPG,90
DSCN2018.JPG,90
DSCN2019.JPG,90
DSCN2020.JPG,90
DSCN2021.JPG,90
DSCN2022.JPG,270
DSCN2023.JPG,90
DSCN2024.JPG,270
DSCN2025.JPG,90
DSCN2026.JPG,90
DSCN2027.JPG,90
DSCN2028.JPG,90
DSCN2029.JPG,270
DSCN2030.JPG,90
DSCN2031.JPG,90
DSCN2032.JPG,270
DSCN2033.JPG,90
DSCN2034.JPG,270
DSCN2035.JPG,90
DSCN2036.JPG,90
DSCN2037.JPG,90
DSCN2038.JPG,90
DSCN2039.JPG,270
DSCN2040.JPG,90
DSCN2041.JPG,90
DSCN2042.JPG,90
DSCN2043.JPG,90
DSCN2044.JPG,90
DSCN2045.JPG,90
DSCN2046.JPG,90
DSCN2047.JPG,90
DSCN2048.JPG,270
DSCN2049.JPG,90
DSCN2050.JPG,180
DSCN2051.JPG,90
DSCN2052.JPG,270
DSCN2053.JPG,90
DSCN2054.JPG,270
DSCN2055.JPG,90
DSCN2056.JPG,90
DSCN2057.JPG,90
DSCN2058.JPG,270
DSCN2059.JPG,90
DSCN2060.JPG,90
DSCN2061.JPG,90
DSCN2062.JPG,270
DSCN2063.JPG,90
DSCN2064.JPG,270
DSCN2065.JPG,90
DSCN2066.JPG,90
DSCN2067.JPG,90
DSCN2068.JPG,90
DSCN2069.JPG,270
DSCN2070.JPG,90
DSCN2071.JPG,90
DSCN2072.JPG,270
DSCN2074.JPG,90
DSCN2075.JPG,90
DSCN2076.JPG,90
DSCN2077.JPG,270
DSCN2078.JPG,90
DSCN2079.JPG,270
DSCN2080.JPG,270
DSCN2081.JPG,270
DSCN2082.JPG,270
DSCN2083.JPG,270
DSCN2084.JPG,270
DSCN2085.JPG,270
DSCN2086.JPG,270
DSCN2087.JPG,270
DSCN2088.JPG,90
DSCN2089.JPG,0
DSCN2090.JPG,270
DSCN2091.JPG,270
DSCN2092.JPG,90
DSCN2093.JPG,270
DSCN2094.JPG,270
DSCN2095.JPG,0
DSCN2096.JPG,270
DSCN2097.JPG,90
DSCN2098.JPG,270
DSCN2099.JPG,270
DSCN2100.JPG,270
DSCN2101.JPG,90
DSCN2102.JPG,270
DSCN2103.JPG,90
DSCN2104.JPG,90
DSCN2105.JPG,90
DSCN2106.JPG,270
DSCN2107.JPG,180
DSCN2108.JPG,90
DSCN2109.JPG,0
DSCN2110.JPG,270
DSCN2111.JPG,0
DSCN2112.JPG,90
DSCN2113.JPG,90
DSCN2114.JPG,0
DSCN2115.JPG,90
DSCN2116.JPG,270
DSCN2117.JPG,0
DSCN2118.JPG,90
DSCN2119.JPG,0
DSCN2120.JPG,90
DSCN2121.JPG,0
DSCN2122.JPG,90
DSCN2123.JPG,0
DSCN2124.JPG,270
DSCN2125.JPG,90
DSCN2126.JPG,0
DSCN2127.JPG,90
DSCN2128.JPG,0
DSCN2129.JPG,90
DSCN2130.JPG,90
DSCN2131.JPG,90
DSCN2132.JPG,90
DSCN2133.JPG,90
DSCN2135.JPG,0
DSCN2136.JPG,90
DSCN2137.JPG,90
DSCN2138.JPG,90
DSCN2139.JPG,270
DSCN2140.JPG,90
DSCN2141.JPG,90
DSCN2142.JPG,90
DSCN2143.JPG,90
DSCN2144.JPG,90
DSCN2145.JPG,90
DSCN2146.JPG,0
DSCN2147.JPG,90
DSCN2148.JPG,0
DSCN2149.JPG,270
DSCN2150.JPG,90
DSCN2151.JPG,270
DSCN2152.JPG,90
DSCN2153.JPG,270
DSCN2154.JPG,90
DSCN2155.JPG,270
DSCN2156.JPG,90
DSCN2157.JPG,270
DSCN2158.JPG,270
DSCN2159.JPG,90
DSCN2160.JPG,90
DSCN2161.JPG,270
DSCN2162.JPG,90
DSCN2163.JPG,90
DSCN2164.JPG,90
DSCN2165.JPG,0
DSCN2166.JPG,270
DSCN2167.JPG,270
DSCN2168.JPG,0
DSCN2169.JPG,90
DSCN2170.JPG,90
DSCN2171.JPG,270
DSCN2172.JPG,90
DSCN2173.JPG,270
DSCN2174.JPG,90
DSCN2175.JPG,90
DSCN2176.JPG,90
DSCN2177.JPG,270
DSCN2178.JPG,90
DSCN2179.JPG,270
DSCN2180.JPG,0
DSCN2181.JPG,90
DSCN2182.JPG,90
DSCN2183.JPG,90
DSCN2184.JPG,90
DSCN2185.JPG,90
DSCN2186.JPG,270
DSCN2187.JPG,90
DSCN2188.JPG,90
DSCN2189.JPG,0
DSCN2190.JPG,0
DSCN2191.JPG,90
DSCN2192.JPG,180
DSCN2193.JPG,90
DSCN2194.JPG,270
DSCN2195.JPG,270
DSCN2196.JPG,0
DSCN2197.JPG,90
DSCN2198.JPG,90
DSCN2199.JPG,0
DSCN2200.JPG,90
DSCN2201.JPG,90
DSCN2202.JPG,90
DSCN2203.JPG,90
DSCN2204.JPG,0
DSCN2205.JPG,0
DSCN2206.JPG,0
DSCN2207.JPG,0
DSCN2208.JPG,0
DSCN2209.JPG,90
DSCN2210.JPG,0
DSCN2211.JPG,0
DSCN2212.JPG,0
DSCN2213.JPG,0
DSCN2214.JPG,180
DSCN2215.JPG,270
DSCN2216.JPG,90
DSCN2217.JPG,90
DSCN2218.JPG,90
DSCN2219.JPG,90
DSCN2220.JPG,0
DSCN2221.JPG,0
DSCN2222.JPG,0
DSCN2223.JPG,0
DSCN2224.JPG,90
DSCN2225.JPG,0
DSCN2226.JPG,90
DSCN2227.JPG,270
DSCN2228.JPG,270
DSCN2229.JPG,90
DSCN2230.JPG,90
DSCN2231.JPG,90
DSCN2232.JPG,0
DSCN2233.JPG,180
DSCN2234.JPG,0
DSCN2235.JPG,0
DSCN2236.JPG,90
DSCN2237.JPG,90
DSCN2238.JPG,90
DSCN2239.JPG,270
DSCN2240.JPG,270
DSCN2241.JPG,90
DSCN2242.JPG,90
DSCN2243.JPG,270
DSCN2244.JPG,90
DSCN2245.JPG,90
DSCN2246.JPG,90
DSCN2247.JPG,270
DSCN2248.JPG,90
DSCN2249.JPG,90
DSCN2250.JPG,90
DSCN2251.JPG,90
DSCN2252.JPG,270
DSCN2253.JPG,270
DSCN2254.JPG,0
DSCN2255.JPG,90
DSCN2256.JPG,90
DSCN2257.JPG,90
DSCN2258.JPG,90
DSCN2259.JPG,90
DSCN2260.JPG,270
DSCN2261.JPG,90
DSCN2262.JPG,180
DSCN2263.JPG,0
DSCN2264.JPG,270
DSCN2265.JPG,90
DSCN2266.JPG,90
DSCN2267.JPG,90
DSCN2268.JPG,270
DSCN2269.JPG,90
DSCN2270.JPG,90
DSCN2271.JPG,90
DSCN2272.JPG,90
DSCN2273.JPG,90
DSCN2274.JPG,90
DSCN2275.JPG,90
DSCN2276.JPG,90
DSCN2277.JPG,90
DSCN2278.JPG,90
DSCN2279.JPG,90
DSCN2280.JPG,270
DSCN2281.JPG,90
DSCN2282.JPG,270
DSCN2283.JPG,90
DSCN2284.JPG,0
DSCN2285.JPG,90
DSCN2286.JPG,90
DSCN2287.JPG,0
DSCN2288.JPG,0
DSCN2289.JPG,0
DSCN2290.JPG,90
DSCN2291.JPG,90
DSCN2292.JPG,90
DSCN2293.JPG,90
DSCN2294.JPG,90
DSCN2295.JPG,90
DSCN2296.JPG,90
DSCN2297.JPG,0
DSCN2298.JPG,90
DSCN2299.JPG,180
DSCN2300.JPG,270
DSCN2301.JPG,90
DSCN2302.JPG,0
DSCN2303.JPG,90
DSCN2304.JPG,90
DSCN2305.JPG,270
DSCN2306.JPG,90
DSCN2307.JPG,180
DSCN2308.JPG,90
DSCN2309.JPG,90
DSCN2310.JPG,90
DSCN2311.JPG,90
DSCN2312.JPG,270
DSCN2313.JPG,270
DSCN2314.JPG,270
DSCN2315.JPG,90
DSCN2316.JPG,90
DSCN2317.JPG,270
DSCN2318.JPG,180
DSCN2319.JPG,270
DSCN2320.JPG,180
DSCN2321.JPG,270
DSCN2322.JPG,270
DSCN2323.JPG,90
DSCN2324.JPG,270
DSCN2325.JPG,90
DSCN2326.JPG,90
DSCN2327.JPG,270
DSCN2328.JPG,180
DSCN2329.JPG,90
DSCN2330.JPG,90
DSCN2331.JPG,0
DSCN2332.JPG,90
DSCN2333.JPG,0
DSCN2334.JPG,270
DSCN2335.JPG,270
DSCN2336.JPG,270
DSCN2337.JPG,90
DSCN2338.JPG,270
DSCN2339.JPG,180
DSCN2340.JPG,90
DSCN2341.JPG,270
DSCN2342.JPG,270
DSCN2343.JPG,270
DSCN2344.JPG,90
DSCN2345.JPG,270
DSCN2346.JPG,0
DSCN2347.JPG,270
DSCN2348.JPG,270
DSCN2349.JPG,270
DSCN2350.JPG,0
DSCN2351.JPG,90
DSCN2352.JPG,180
DSCN2353.JPG,270
DSCN2354.JPG,270
DSCN2355.JPG,180
DSCN2356.JPG,90
DSCN2357.JPG,270
DSCN2358.JPG,270
DSCN2359.JPG,90
DSCN2360.JPG,270
DSCN2361.JPG,90
DSCN2362.JPG,270
DSCN2363.JPG,270
DSCN2364.JPG,270
DSCN2365.JPG,180
DSCN2366.JPG,90
DSCN2367.JPG,90
DSCN2368.JPG,270
DSCN2369.JPG,270
DSCN2370.JPG,270
DSCN2371.JPG,270
DSCN2372.JPG,180
DSCN2373.JPG,90
DSCN2374.JPG,270
DSCN2375.JPG,270
DSCN2376.JPG,270
DSCN2377.JPG,90
DSCN2378.JPG,90
DSCN2379.JPG,90
DSCN2380.JPG,270
DSCN2381.JPG,0
DSCN2382.JPG,270
DSCN2383.JPG,270
DSCN2384.JPG,270
DSCN2385.JPG,90
DSCN2386.JPG,270
DSCN2387.JPG,270
DSCN2388.JPG,90
DSCN2389.JPG,270
DSCN2390.JPG,0
DSCN2391.JPG,270
DSCN2392.JPG,270
DSCN2393.JPG,90
DSCN2394.JPG,90
DSCN2395.JPG,270
DSCN2396.JPG,0
DSCN2397.JPG,90
DSCN2398.JPG,0
DSCN2399.JPG,90
DSCN2400.JPG,90
DSCN2401.JPG,90
DSCN2402.JPG,0
DSCN2403.JPG,270
DSCN2404.JPG,90
DSCN2405.JPG,90
DSCN2406.JPG,270
DSCN2407.JPG,90
DSCN2408.JPG,270
DSCN2409.JPG,90
DSCN2410.JPG,270
DSCN2411.JPG,270
DSCN2412.JPG,90
DSCN2413.JPG,270
DSCN2414.JPG,90
DSCN2415.JPG,270
DSCN2416.JPG,270
DSCN2417.JPG,270
DSCN2418.JPG,90
DSCN2419.JPG,90
DSCN2420.JPG,270
DSCN2421.JPG,90
DSCN2422.JPG,90
DSCN2423.JPG,270
DSCN2424.JPG,90
DSCN2425.JPG,270
DSCN2426.JPG,0
DSCN2427.JPG,270
DSCN2428.JPG,270
DSCN2429.JPG,270
DSCN2430.JPG,270
DSCN2431.JPG,270
DSCN2432.JPG,90
DSCN2433.JPG,270
DSCN2434.JPG,90
DSCN2435.JPG,270
DSCN2436.JPG,90
DSCN2437.JPG,270
DSCN2438.JPG,270
DSCN2439.JPG,90
DSCN2440.JPG,270
DSCN2441.JPG,270
DSCN2442.JPG,270
DSCN2443.JPG,90
DSCN2444.JPG,270
DSCN2445.JPG,90
DSCN2446.JPG,0
DSCN2447.JPG,270
DSCN2448.JPG,90
DSCN2450.JPG,270
DSCN2451.JPG,90
DSCN2452.JPG,270
DSCN2453.JPG,90
DSCN2454.JPG,90
DSCN2455.JPG,0
DSCN2456.JPG,270
DSCN2457.JPG,270
DSCN2458.JPG,90
DSCN2459.JPG,90
DSCN2460.JPG,90
DSCN2461.JPG,90
DSCN2462.JPG,90
DSCN2463.JPG,90
DSCN2464.JPG,90
DSCN2465.JPG,0
DSCN2466.JPG,90
DSCN2467.JPG,90
DSCN2468.JPG,90
DSCN2469.JPG,90
DSCN2470.JPG,180
DSCN2471.JPG,90
DSCN2472.JPG,90
DSCN2473.JPG,0
DSCN2474.JPG,90
DSCN2475.JPG,0
DSCN2476.JPG,90
DSCN2477.JPG,270
DSCN2478.JPG,90
DSCN2479.JPG,90
DSCN2480.JPG,0
DSCN2481.JPG,0
DSCN2482.JPG,90
DSCN2483.JPG,0
DSCN2484.JPG,0
DSCN2485.JPG,0
DSCN2486.JPG,0
DSCN2487.JPG,0
DSCN2488.JPG,0
DSCN2489.JPG,0
DSCN2490.JPG,0
DSCN2491.JPG,0
DSCN2492.JPG,0
DSCN2493.JPG,0
DSCN2494.JPG,0
DSCN2495.JPG,0
DSCN2496.JPG,0
DSCN2497.JPG,0
DSCN2498.JPG,0
DSCN2499.JPG,0
DSCN2500.JPG,0
DSCN2501.JPG,0
DSCN2502.JPG,0
DSCN0422.JPG,0
DSCN0423.JPG,90
DSCN0424.JPG,270
DSCN0425.JPG,0
DSCN0426.JPG,0
DSCN0427.JPG,270
DSCN0428.JPG,270
DSCN0430.JPG,90
DSCN0431.JPG,90
DSCN0432.JPG,0
DSCN0433.JPG,90
DSCN0434.JPG,90
DSCN0435.JPG,0
DSCN0436.JPG,0
DSCN0437.JPG,0
DSCN0438.JPG,90
DSCN0439.JPG,180
DSCN0440.JPG,90
DSCN0441.JPG,270
DSCN0442.JPG,90
DSCN0443.JPG,0
DSCN0444.JPG,270
DSCN0445.JPG,90
DSCN0446.JPG,90
DSCN0447.JPG,90
DSCN0448.JPG,0
DSCN0449.JPG,90
DSCN0450.JPG,270
DSCN0451.JPG,90
DSCN0452.JPG,90
DSCN0453.JPG,90
DSCN0454.JPG,90
DSCN0455.JPG,90
DSCN0456.JPG,90
DSCN0457.JPG,90
DSCN0458.JPG,0
DSCN0459.JPG,0
DSCN0460.JPG,0
DSCN0461.JPG,90
DSCN0462.JPG,90
DSCN0463.JPG,90
DSCN0464.JPG,0
DSCN0465.JPG,90
DSCN0466.JPG,90
DSCN0467.JPG,0
DSCN0468.JPG,0
DSCN0469.JPG,0
DSCN0470.JPG,0
DSCN0471.JPG,0
DSCN0472.JPG,90
DSCN0473.JPG,0
DSCN0474.JPG,90
DSCN0475.JPG,0
DSCN0476.JPG,90
DSCN0477.JPG,90
DSCN0478.JPG,0
DSCN0479.JPG,90
DSCN0480.JPG,0
DSCN0481.JPG,90
DSCN0482.JPG,0
DSCN0483.JPG,270
DSCN0484.JPG,270
DSCN0485.JPG,270
DSCN0486.JPG,0
DSCN0487.JPG,0
DSCN0488.JPG,90
DSCN0489.JPG,90
DSCN0490.JPG,90
DSCN0491.JPG,90
DSCN0492.JPG,0
DSCN0493.JPG,90
DSCN0494.JPG,90
DSCN0495.JPG,0
DSCN0496.JPG,0
DSCN0497.JPG,90
DSCN0498.JPG,90
DSCN0499.JPG,90
DSCN0500.JPG,0
DSCN0501.JPG,0
DSCN0502.JPG,0
DSCN0503.JPG,0
DSCN0504.JPG,90
DSCN0505.JPG,90
DSCN0506.JPG,90
DSCN0507.JPG,90
DSCN0508.JPG,270
DSCN0509.JPG,90
DSCN0510.JPG,90
DSCN0511.JPG,90
DSCN0512.JPG,90
DSCN0513.JPG,90
DSCN0514.JPG,270
DSCN0515.JPG,90
DSCN0516.JPG,90
DSCN0517.JPG,90
DSCN0518.JPG,90
DSCN0520.JPG,90
DSCN0521.JPG,90
DSCN0522.JPG,0
DSCN0523.JPG,90
DSCN0524.JPG,90
DSCN0525.JPG,90
DSCN0526.JPG,90
DSCN0527.JPG,90
DSCN0528.JPG,90
DSCN0529.JPG,270
DSCN0530.JPG,90
DSCN0531.JPG,0
DSCN0532.JPG,270
DSCN0533.JPG,90
DSCN0534.JPG,0
DSCN0535.JPG,0
DSCN0536.JPG,270
DSCN0537.JPG,90
DSCN0538.JPG,0
DSCN0539.JPG,90
DSCN0540.JPG,270
DSCN0541.JPG,90
DSCN0542.JPG,90
DSCN0543.JPG,90
DSCN0544.JPG,0
DSCN0546.JPG,90
DSCN0547.JPG,90
DSCN0548.JPG,0
DSCN0549.JPG,0
DSCN0550.JPG,90
DSCN0551.JPG,90
DSCN0552.JPG,90
DSCN0553.JPG,90
DSCN0554.JPG,90
DSCN0555.JPG,90
DSCN0556.JPG,90
DSCN0557.JPG,0
DSCN0558.JPG,90
DSCN0559.JPG,180
DSCN0560.JPG,90
DSCN0561.JPG,0
DSCN0562.JPG,0
DSCN0563.JPG,0
DSCN0564.JPG,0
DSCN0565.JPG,90
DSCN0566.JPG,0
DSCN0567.JPG,0
DSCN0568.JPG,270
DSCN0569.JPG,90
DSCN0570.JPG,0
DSCN0571.JPG,90
DSCN0572.JPG,90
DSCN0573.JPG,90
DSCN0574.JPG,90
DSCN0575.JPG,90
DSCN0577.JPG,0
DSCN0578.JPG,90
DSCN0579.JPG,180
DSCN0580.JPG,90
DSCN0581.JPG,90
DSCN0582.JPG,0
DSCN0583.JPG,0
DSCN0584.JPG,0
DSCN0585.JPG,0
DSCN0586.JPG,90
DSCN0587.JPG,0
DSCN0588.JPG,180
DSCN0589.JPG,90
DSCN0590.JPG,0
DSCN0591.JPG,90
DSCN0592.JPG,90
DSCN0593.JPG,0
DSCN0594.JPG,0
DSCN0595.JPG,90
DSCN0596.JPG,0
DSCN0597.JPG,90
DSCN0598.JPG,0
DSCN0599.JPG,90
DSCN0600.JPG,0
DSCN0601.JPG,270
DSCN0602.JPG,270
DSCN0603.JPG,0
DSCN0604.JPG,0
DSCN0605.JPG,0
DSCN0606.JPG,90
DSCN0607.JPG,0
DSCN0608.JPG,0
DSCN0609.JPG,90
DSCN0610.JPG,90
DSCN0611.JPG,90
DSCN0612.JPG,90
DSCN0613.JPG,90
DSCN0614.JPG,90
DSCN0615.JPG,90
DSCN0616.JPG,90
DSCN0617.JPG,0
DSCN0618.JPG,90
DSCN0619.JPG,90
DSCN0620.JPG,90
DSCN0621.JPG,0
DSCN0622.JPG,90
DSCN0623.JPG,0
DSCN0624.JPG,90
DSCN0625.JPG,90
DSCN0626.JPG,90
DSCN0627.JPG,90
DSCN0628.JPG,90
DSCN0629.JPG,90
DSCN0630.JPG,0
DSCN0631.JPG,0
DSCN0632.JPG,0
DSCN0633.JPG,90
DSCN0634.JPG,0
DSCN0635.JPG,0
DSCN0636.JPG,90
DSCN0637.JPG,0
DSCN0638.JPG,90
DSCN0639.JPG,90
DSCN0640.JPG,90
DSCN0641.JPG,90
DSCN0642.JPG,90
DSCN0643.JPG,90
DSCN0644.JPG,90
DSCN0645.JPG,0
DSCN0646.JPG,90
DSCN0647.JPG,0
DSCN0648.JPG,90
DSCN0649.JPG,0
DSCN0650.JPG,90
DSCN0651.JPG,90
DSCN0652.JPG,90
DSCN0653.JPG,180
DSCN0654.JPG,90
DSCN0655.JPG,90
DSCN0656.JPG,90
DSCN0657.JPG,180
DSCN0658.JPG,90
DSCN0659.JPG,90
DSCN0660.JPG,90
DSCN0661.JPG,90
DSCN0662.JPG,90
DSCN0663.JPG,90
DSCN0664.JPG,0
DSCN0665.JPG,90
DSCN0666.JPG,90
DSCN0667.JPG,90
DSCN0668.JPG,0
DSCN0669.JPG,90
DSCN0670.JPG,90
DSCN0671.JPG,90
DSCN0672.JPG,90
DSCN0673.JPG,90
DSCN0674.JPG,90
DSCN0677.JPG,90
DSCN0678.JPG,90
DSCN0680.JPG,90
DSCN0681.JPG,90
DSCN0682.JPG,0
DSCN0683.JPG,0
DSCN0684.JPG,90
DSCN0685.JPG,90
DSCN0686.JPG,90
DSCN0687.JPG,90
DSCN0688.JPG,0
DSCN0689.JPG,0
DSCN0690.JPG,90
DSCN0691.JPG,0
DSCN0692.JPG,0
DSCN0693.JPG,90
DSCN0694.JPG,0
DSCN0695.JPG,0
DSCN0696.JPG,90
DSCN0697.JPG,90
DSCN0698.JPG,90
DSCN0699.JPG,90
DSCN0700.JPG,90
DSCN0701.JPG,90
DSCN0702.JPG,90
DSCN0703.JPG,90
DSCN0704.JPG,90
DSCN0705.JPG,0
DSCN0706.JPG,0
DSCN0707.JPG,0
DSCN0708.JPG,0
DSCN0709.JPG,90
DSCN0710.JPG,90
DSCN0712.JPG,90
DSCN0714.JPG,90
DSCN0715.JPG,90
DSCN0716.JPG,90
DSCN0717.JPG,90
DSCN0718.JPG,180
DSCN0719.JPG,90
DSCN0720.JPG,0
DSCN0721.JPG,90
DSCN0722.JPG,90
DSCN0723.JPG,90
DSCN0724.JPG,90
DSCN0725.JPG,90
DSCN0726.JPG,90
DSCN0727.JPG,90
DSCN0728.JPG,90
DSCN0729.JPG,90
DSCN0730.JPG,90
DSCN0732.JPG,90
DSCN0733.JPG,90
DSCN0734.JPG,90
DSCN0736.JPG,0
DSCN0737.JPG,90
DSCN0738.JPG,0
DSCN0739.JPG,90
DSCN0740.JPG,0
DSCN0741.JPG,0
DSCN0742.JPG,180
DSCN0743.JPG,0
DSCN0744.JPG,270
DSCN0745.JPG,90
DSCN0746.JPG,90
DSCN0747.JPG,90
DSCN0748.JPG,90
DSCN0749.JPG,0
DSCN0750.JPG,0
DSCN0751.JPG,90
DSCN0752.JPG,90
DSCN0753.JPG,0
DSCN0754.JPG,0
DSCN0756.JPG,0
DSCN0757.JPG,0
DSCN0759.JPG,90
DSCN0760.JPG,90
DSCN0761.JPG,0
DSCN0762.JPG,0
DSCN0763.JPG,90
DSCN0764.JPG,270
DSCN0765.JPG,270
DSCN0766.JPG,0
DSCN0768.JPG,90
DSCN0771.JPG,90
DSCN0772.JPG,0
DSCN0775.JPG,90
DSCN0776.JPG,90
DSCN0777.JPG,90
DSCN0778.JPG,90
DSCN0779.JPG,90
DSCN0780.JPG,90
DSCN0781.JPG,90
DSCN0782.JPG,90
DSCN0783.JPG,90
DSCN0784.JPG,90
DSCN0785.JPG,90
DSCN0786.JPG,90
DSCN0787.JPG,90
DSCN0788.JPG,90
DSCN0789.JPG,90
DSCN0790.JPG,90
DSCN0791.JPG,90
DSCN0792.JPG,90
DSCN0793.JPG,90
DSCN0794.JPG,90
DSCN0795.JPG,90
DSCN0796.JPG,90
DSCN0797.JPG,90
DSCN0798.JPG,90
DSCN0799.JPG,90
DSCN0800.JPG,90
DSCN0801.JPG,90
DSCN0802.JPG,90
DSCN0803.JPG,90
DSCN0804.JPG,90
DSCN0805.JPG,90
DSCN0806.JPG,90
DSCN0807.JPG,90
DSCN0808.JPG,90
DSCN0809.JPG,90
DSCN0810.JPG,90
DSCN0811.JPG,90
DSCN0812.JPG,90
DSCN0813.JPG,90
DSCN0814.JPG,90
DSCN0815.JPG,90
DSCN0816.JPG,90
DSCN0817.JPG,90
DSCN0818.JPG,90
DSCN0819.JPG,90
DSCN0820.JPG,90
DSCN0821.JPG,90
DSCN0822.JPG,90
DSCN0823.JPG,180
DSCN0824.JPG,90
DSCN0825.JPG,270
DSCN0826.JPG,0
DSCN0827.JPG,0
DSCN0828.JPG,270
DSCN0829.JPG,90
DSCN0830.JPG,0
DSCN0831.JPG,0
DSCN0832.JPG,90
DSCN0833.JPG,0
DSCN0834.JPG,0
DSCN0835.JPG,0
DSCN0836.JPG,90
DSCN0838.JPG,0
DSCN0839.JPG,0
DSCN0840.JPG,0
DSCN0841.JPG,0
DSCN0842.JPG,90
DSCN0843.JPG,0
DSCN0844.JPG,0
DSCN0845.JPG,0
DSCN0846.JPG,0
DSCN0847.JPG,90
DSCN0848.JPG,90
DSCN0849.JPG,0
DSCN0850.JPG,90
DSCN0851.JPG,0
DSCN0852.JPG,0
DSCN0853.JPG,0
DSCN0855.JPG,90
DSCN0856.JPG,90
DSCN0857.JPG,0
DSCN0859.JPG,0
DSCN0860.JPG,0
DSCN0861.JPG,0
DSCN0862.JPG,0
DSCN0863.JPG,0
DSCN0864.JPG,90
DSCN0865.JPG,90
DSCN0866.JPG,90
DSCN0867.JPG,90
DSCN0868.JPG,90
DSCN0869.JPG,90
DSCN0870.JPG,90
DSCN0871.JPG,90
DSCN0872.JPG,90
DSCN0873.JPG,90
DSCN0874.JPG,90
DSCN0875.JPG,90
DSCN0876.JPG,90
DSCN0877.JPG,90
DSCN0878.JPG,90
DSCN0879.JPG,90
DSCN0880.JPG,90
DSCN0881.JPG,90
DSCN0882.JPG,90
DSCN0883.JPG,90
DSCN0884.JPG,0